Node,Label,Network,Hemisphere,Region,Parcel ID,X,Y,Z
1,7Networks_LH_Vis_1,7Networks,LH,Vis,1,-26.045328551851142,-44.8448841968708,-14.951325505136328
2,7Networks_LH_Vis_2,7Networks,LH,Vis,2,-33.517555334725955,-58.54877337810902,-17.159936760338734
3,7Networks_LH_Vis_3,7Networks,LH,Vis,3,-31.592008006731874,-41.29417978183737,-10.283588881052815
4,7Networks_LH_Vis_4,7Networks,LH,Vis,4,-37.98163168288875,-71.54814272449501,-16.019288191112917
5,7Networks_LH_Vis_5,7Networks,LH,Vis,5,-24.515875705174054,-58.32235354225107,-9.040379783276144
6,7Networks_LH_Vis_6,7Networks,LH,Vis,6,-23.25299592866149,-71.17410359499664,-9.434564102792812
7,7Networks_LH_Vis_7,7Networks,LH,Vis,7,-39.66159623861313,-73.76627976323168,-9.508002667998277
8,7Networks_LH_Vis_9,7Networks,LH,Vis,9,-20.508521401502705,-49.360116829922106,-7.617111413259501
9,7Networks_LH_Vis_10,7Networks,LH,Vis,10,-45.12659668144005,-69.67436757364973,-6.07261795439382
10,7Networks_LH_Vis_11,7Networks,LH,Vis,11,-15.159238289603422,-37.02206871249512,-10.956274038363318
11,7Networks_LH_Vis_12,7Networks,LH,Vis,12,-11.234485198017524,-61.23231393073575,-3.850471242978159
12,7Networks_LH_Vis_13,7Networks,LH,Vis,13,-6.876144870028185,-72.5062209590344,-4.926925785677589
13,7Networks_LH_Vis_17,7Networks,LH,Vis,17,-13.864279034387579,-42.05212429775433,-5.040219351461133
14,7Networks_LH_Vis_18,7Networks,LH,Vis,18,-44.1073151438074,-72.01780786676841,4.617957248606466
15,7Networks_LH_Vis_19,7Networks,LH,Vis,19,-6.373891430697881,-61.931462337472,3.311666794729476
16,7Networks_LH_Vis_20,7Networks,LH,Vis,20,-2.2588753551244594,-70.33466412094624,4.373678718410112
17,7Networks_LH_Vis_21,7Networks,LH,Vis,21,-16.864375003207257,-55.01371005292507,0.8407680270005784
18,7Networks_LH_Vis_22,7Networks,LH,Vis,22,-3.021888943389058,-76.2814865981539,3.787149524937078
19,7Networks_LH_Vis_25,7Networks,LH,Vis,25,-12.72952516963025,-45.948963694547004,2.033492100084338
20,7Networks_LH_Vis_28,7Networks,LH,Vis,28,-9.070825221456047,-70.64779695155366,8.505568971830819
21,7Networks_LH_Vis_29,7Networks,LH,Vis,29,-47.27439540220482,-71.36289164202682,13.999918275597423
22,7Networks_LH_Vis_31,7Networks,LH,Vis,31,-19.61369737184242,-62.332047666900834,7.686497854878716
23,7Networks_LH_Vis_32,7Networks,LH,Vis,32,-41.32478232856127,-74.55352894961834,17.519117863095822
24,7Networks_LH_Vis_33,7Networks,LH,Vis,33,-0.34706119610928,-73.46269837052871,14.103267398197204
25,7Networks_LH_Vis_37,7Networks,LH,Vis,37,-7.04724255642472,-68.15640180831885,16.381487851250256
26,7Networks_LH_Vis_38,7Networks,LH,Vis,38,-16.72329256446524,-66.04660263057653,17.117907884446055
27,7Networks_LH_Vis_39,7Networks,LH,Vis,39,-2.158948509329619,-75.19926271743172,23.682699170495795
28,7Networks_LH_Vis_40,7Networks,LH,Vis,40,-29.064816836533808,-75.36198903779898,20.90716652971294
29,7Networks_LH_Vis_41,7Networks,LH,Vis,41,-12.608688533332739,-74.19501421015177,24.148720730787943
30,7Networks_LH_Vis_43,7Networks,LH,Vis,43,-25.24382139625959,-75.4110830067657,23.974533945554867
31,7Networks_LH_Vis_44,7Networks,LH,Vis,44,-13.687926555182344,-76.716895988341,35.198602786850785
32,7Networks_LH_SomMot_1,7Networks,LH,SomMot,1,-53.50563101175291,0.05999625184371382,-3.4940602258736817
33,7Networks_LH_SomMot_2,7Networks,LH,SomMot,2,-58.11317137737953,-14.814716531890774,5.868688169554915
34,7Networks_LH_SomMot_3,7Networks,LH,SomMot,3,-42.93124349803733,-19.389491932920933,3.3533213062484464
35,7Networks_LH_SomMot_4,7Networks,LH,SomMot,4,-60.11431315472214,-24.956771544130838,9.374658421045403
36,7Networks_LH_SomMot_5,7Networks,LH,SomMot,5,-62.63136623164925,-34.63597309215108,6.836208978641622
37,7Networks_LH_SomMot_6,7Networks,LH,SomMot,6,-45.85676398288393,-25.62106247834469,7.116980146943476
38,7Networks_LH_SomMot_7,7Networks,LH,SomMot,7,-36.23862536517636,-12.084997209815356,12.924177537235067
39,7Networks_LH_SomMot_8,7Networks,LH,SomMot,8,-34.681706958722614,-25.117930897000512,12.804337318929342
40,7Networks_LH_SomMot_9,7Networks,LH,SomMot,9,-43.332921210009204,-3.867150064057384,13.453046629900363
41,7Networks_LH_SomMot_10,7Networks,LH,SomMot,10,-39.856755385732214,-13.31806397199938,17.750479200720477
42,7Networks_LH_SomMot_11,7Networks,LH,SomMot,11,-58.25094903600984,-36.77517483668635,15.320604661799734
43,7Networks_LH_SomMot_12,7Networks,LH,SomMot,12,-40.94175139461902,-35.0574966356396,14.861894334824953
44,7Networks_LH_SomMot_13,7Networks,LH,SomMot,13,-38.02614526327537,-25.538504349731873,19.64502053516715
45,7Networks_LH_SomMot_14,7Networks,LH,SomMot,14,-51.19383481762759,-13.378690642409211,13.838255623164706
46,7Networks_LH_SomMot_15,7Networks,LH,SomMot,15,-58.84259728425923,1.2076340635516232,12.351409745079522
47,7Networks_LH_SomMot_16,7Networks,LH,SomMot,16,-61.715471813069286,-7.392652066441258,11.085877513831797
48,7Networks_LH_SomMot_17,7Networks,LH,SomMot,17,-47.91049349365014,-25.646590728984506,17.283088451526204
49,7Networks_LH_SomMot_18,7Networks,LH,SomMot,18,-60.77488605294593,-17.982055469777656,19.543583212288866
50,7Networks_LH_SomMot_19,7Networks,LH,SomMot,19,-59.28309575544441,-3.5016854428788093,19.720027243704905
51,7Networks_LH_SomMot_20,7Networks,LH,SomMot,20,-63.84509245929033,-9.88425965749353,26.10966905732532
52,7Networks_LH_SomMot_21,7Networks,LH,SomMot,21,-55.22076715478349,-9.335683729783028,31.691469204672813
53,7Networks_LH_SomMot_22,7Networks,LH,SomMot,22,-53.45697393464059,-4.06940361533475,33.53988873318809
54,7Networks_LH_SomMot_23,7Networks,LH,SomMot,23,-57.55928873841961,-15.04738494434526,39.905341925542984
55,7Networks_LH_SomMot_24,7Networks,LH,SomMot,24,-49.934586239919554,-15.220464560720657,40.67324815051896
56,7Networks_LH_SomMot_25,7Networks,LH,SomMot,25,-55.378451818963185,-20.50767875114432,46.92897930697768
57,7Networks_LH_SomMot_26,7Networks,LH,SomMot,26,-7.553707777820279,-8.345986633023017,41.331582422184496
58,7Networks_LH_SomMot_27,7Networks,LH,SomMot,27,-51.63516991212964,-3.749993004258087,47.46624214027142
59,7Networks_LH_SomMot_28,7Networks,LH,SomMot,28,-41.658334465091485,-17.32679512971137,39.05891143234379
60,7Networks_LH_SomMot_29,7Networks,LH,SomMot,29,-47.37449258858746,-17.514802201068335,51.91519264649739
61,7Networks_LH_SomMot_30,7Networks,LH,SomMot,30,-50.756283802816114,-26.617649467375415,54.34701075125486
62,7Networks_LH_SomMot_31,7Networks,LH,SomMot,31,-41.43955111995871,-13.325473226429452,49.63622271424779
63,7Networks_LH_SomMot_32,7Networks,LH,SomMot,32,-6.068687679590525,-14.928378748567134,49.23834609477589
64,7Networks_LH_SomMot_33,7Networks,LH,SomMot,33,-44.709433618632545,-23.050140291091893,63.01366575837376
65,7Networks_LH_SomMot_34,7Networks,LH,SomMot,34,-39.68108077558267,-24.602939075798588,52.232002467081884
66,7Networks_LH_SomMot_35,7Networks,LH,SomMot,35,-40.57082986738101,-35.44087287052426,62.66861974522472
67,7Networks_LH_SomMot_36,7Networks,LH,SomMot,36,-35.710831709315656,-45.64802552326856,61.964260240551084
68,7Networks_LH_SomMot_37,7Networks,LH,SomMot,37,-34.30187929575921,-18.270157649619478,62.75649081533061
69,7Networks_LH_SomMot_38,7Networks,LH,SomMot,38,-4.0910232282405445,-8.021132327896055,60.39850659981511
70,7Networks_LH_SomMot_39,7Networks,LH,SomMot,39,-8.489526913091538,-40.87481476262212,57.29144114658237
71,7Networks_LH_SomMot_40,7Networks,LH,SomMot,40,-3.9079032834517164,-25.843637845262073,57.972329085501386
72,7Networks_LH_SomMot_41,7Networks,LH,SomMot,41,-29.247058977421958,-11.00501704992432,62.722998522653384
73,7Networks_LH_SomMot_42,7Networks,LH,SomMot,42,-27.45696659786981,-39.97544814231275,58.94188329200202
74,7Networks_LH_SomMot_43,7Networks,LH,SomMot,43,-31.439713709748816,-28.79620827598754,61.90361096248806
75,7Networks_LH_SomMot_44,7Networks,LH,SomMot,44,-27.399502151448175,-47.835080635065985,64.31120717273367
76,7Networks_LH_SomMot_45,7Networks,LH,SomMot,45,-30.234921709208933,-35.710243342191355,70.90582686336137
77,7Networks_LH_SomMot_46,7Networks,LH,SomMot,46,-20.7046804226935,-11.85699480362237,70.5240777268385
78,7Networks_LH_SomMot_47,7Networks,LH,SomMot,47,-18.797455825258126,-24.12784635148539,67.6174632462478
79,7Networks_LH_SomMot_48,7Networks,LH,SomMot,48,-8.50117379891364,-41.91077097314891,70.3809487473537
80,7Networks_LH_SomMot_49,7Networks,LH,SomMot,49,-22.38882078454722,-37.905080744739394,71.14217106084139
81,7Networks_LH_SomMot_50,7Networks,LH,SomMot,50,-19.558039144770447,-30.857869053001586,68.00241017137199
82,7Networks_LH_SomMot_51,7Networks,LH,SomMot,51,-2.4712476827736367,-30.651550397330098,67.8282495948087
83,7Networks_LH_SomMot_52,7Networks,LH,SomMot,52,-6.142447441505894,-16.459860807129488,72.91768279984697
84,7Networks_LH_SomMot_53,7Networks,LH,SomMot,53,-17.02537897367438,-45.42381681877305,70.97597599802248
85,7Networks_LH_SomMot_54,7Networks,LH,SomMot,54,-14.774452287049684,-12.111955876966917,72.27007942496024
86,7Networks_LH_SomMot_55,7Networks,LH,SomMot,55,-11.206132586777429,-26.437879390853773,73.1674948921092
87,7Networks_LH_SomMot_56,7Networks,LH,SomMot,56,-10.329764279923069,-33.183047340047075,74.25274999094445
88,7Networks_LH_DorsAttn_Post_1,7Networks,LH,DorsAttn_Post,1,-45.93562281909644,-45.023945445138395,-20.32923117941938
89,7Networks_LH_DorsAttn_Post_2,7Networks,LH,DorsAttn_Post,2,-53.17230988179759,-55.29517385139631,-17.72050386770612
90,7Networks_LH_DorsAttn_Post_3,7Networks,LH,DorsAttn_Post,3,-44.081006480973315,-61.47928603759895,-13.715399721770794
91,7Networks_LH_DorsAttn_Post_4,7Networks,LH,DorsAttn_Post,4,-47.84006915913551,-63.490057403852745,-3.1046108646812485
92,7Networks_LH_DorsAttn_Post_5,7Networks,LH,DorsAttn_Post,5,-57.786922154772384,-58.7154819711119,-2.4633943796800466
93,7Networks_LH_DorsAttn_Post_6,7Networks,LH,DorsAttn_Post,6,-50.6723354153749,-65.42464521680441,6.438779458672634
94,7Networks_LH_DorsAttn_Post_7,7Networks,LH,DorsAttn_Post,7,-47.3398624607548,-62.72204775236547,13.599930745959277
95,7Networks_LH_DorsAttn_Post_9,7Networks,LH,DorsAttn_Post,9,-28.655334626091644,-71.03717760213961,30.3701378424238
96,7Networks_LH_DorsAttn_Post_10,7Networks,LH,DorsAttn_Post,10,-22.957846397117663,-73.57085629394825,37.486498410342364
97,7Networks_LH_DorsAttn_Post_11,7Networks,LH,DorsAttn_Post,11,-54.728729184101184,-23.786354263397783,39.002070889338725
98,7Networks_LH_DorsAttn_Post_12,7Networks,LH,DorsAttn_Post,12,-54.829471095306104,-32.53521428687301,44.770285356274954
99,7Networks_LH_DorsAttn_Post_13,7Networks,LH,DorsAttn_Post,13,-25.033665653880078,-65.14405741946324,43.66014919917011
100,7Networks_LH_DorsAttn_Post_14,7Networks,LH,DorsAttn_Post,14,-48.227761534171805,-27.759339914378458,42.72463249426036
101,7Networks_LH_DorsAttn_Post_15,7Networks,LH,DorsAttn_Post,15,-19.400341917601253,-67.66842750869355,46.964134954788676
102,7Networks_LH_DorsAttn_Post_16,7Networks,LH,DorsAttn_Post,16,-33.65281696736814,-43.00840797698498,41.48226085275411
103,7Networks_LH_DorsAttn_Post_17,7Networks,LH,DorsAttn_Post,17,-15.779610216369221,-74.6234166127526,50.665157970848185
104,7Networks_LH_DorsAttn_Post_18,7Networks,LH,DorsAttn_Post,18,-41.81697500513906,-34.516711320728064,46.59819597564638
105,7Networks_LH_DorsAttn_Post_19,7Networks,LH,DorsAttn_Post,19,-27.343678071676777,-57.204666262226446,53.930446674020914
106,7Networks_LH_DorsAttn_Post_20,7Networks,LH,DorsAttn_Post,20,-26.37674640382572,-64.74904623009809,57.072513428130534
107,7Networks_LH_DorsAttn_Post_21,7Networks,LH,DorsAttn_Post,21,-5.134370964483111,-70.83933783249527,54.45130807658036
108,7Networks_LH_DorsAttn_Post_22,7Networks,LH,DorsAttn_Post,22,-34.497168934940646,-50.81948268387515,53.88971949079151
109,7Networks_LH_DorsAttn_Post_23,7Networks,LH,DorsAttn_Post,23,-38.06898430977452,-40.19349195646454,55.34586510042003
110,7Networks_LH_DorsAttn_Post_24,7Networks,LH,DorsAttn_Post,24,-17.033165138848915,-70.52151553095021,59.85534895577646
111,7Networks_LH_DorsAttn_Post_25,7Networks,LH,DorsAttn_Post,25,-28.707754718933913,-60.4869035275061,63.64492205978017
112,7Networks_LH_DorsAttn_Post_26,7Networks,LH,DorsAttn_Post,26,-6.662706007866348,-58.49635918154004,62.25363812823403
113,7Networks_LH_DorsAttn_Post_27,7Networks,LH,DorsAttn_Post,27,-19.536418286423697,-57.672963437311886,66.07550206108948
114,7Networks_LH_DorsAttn_Post_28,7Networks,LH,DorsAttn_Post,28,-9.588048045698088,-53.202227824484,70.61491755890893
115,7Networks_LH_DorsAttn_FEF_1,7Networks,LH,DorsAttn_FEF,1,-38.15153621164475,-2.859768938495904,51.705830714554
116,7Networks_LH_DorsAttn_FEF_2,7Networks,LH,DorsAttn_FEF,2,-24.86041857732252,-5.414698357229966,53.070100590327755
117,7Networks_LH_DorsAttn_FEF_3,7Networks,LH,DorsAttn_FEF,3,-19.420151232312563,-10.160733316320446,61.07827853991286
118,7Networks_LH_DorsAttn_FEF_4,7Networks,LH,DorsAttn_FEF,4,-18.94250000689722,-1.548344164562053,68.50781241977509
119,7Networks_LH_DorsAttn_PrCv_1,7Networks,LH,DorsAttn_PrCv,1,-43.238755893600825,6.2073446348664305,25.074867201188482
120,7Networks_LH_DorsAttn_PrCv_2,7Networks,LH,DorsAttn_PrCv,2,-56.2563716857328,6.5176789596091,25.769772278312388
121,7Networks_LH_DorsAttn_PrCv_3,7Networks,LH,DorsAttn_PrCv,3,-45.722382696358466,2.6991541972579256,37.00726230980476
122,7Networks_LH_SalVentAttn_ParOper_1,7Networks,LH,SalVentAttn_ParOper,1,-46.22859891374097,-37.77982752348563,24.23220360977936
123,7Networks_LH_SalVentAttn_ParOper_2,7Networks,LH,SalVentAttn_ParOper,2,-57.315484115972566,-43.740278096430615,27.4388503456951
124,7Networks_LH_SalVentAttn_ParOper_3,7Networks,LH,SalVentAttn_ParOper,3,-58.70724320384565,-29.45087459249587,21.464467677582476
125,7Networks_LH_SalVentAttn_ParOper_4,7Networks,LH,SalVentAttn_ParOper,4,-58.94765216681054,-19.35232823423069,30.249792271010264
126,7Networks_LH_SalVentAttn_ParOper_5,7Networks,LH,SalVentAttn_ParOper,5,-61.291130388534526,-36.473128178418975,33.39827651546631
127,7Networks_LH_SalVentAttn_ParOper_6,7Networks,LH,SalVentAttn_ParOper,6,-63.81565845574258,-26.05884096883517,35.33703255700999
128,7Networks_LH_SalVentAttn_TempOcc_1,7Networks,LH,SalVentAttn_TempOcc,1,-56.58110424243978,-56.33733569072826,12.530156251043081
129,7Networks_LH_SalVentAttn_FrOperIns_1,7Networks,LH,SalVentAttn_FrOperIns,1,-39.081024776229214,2.562328408641079,-10.40862608777239
130,7Networks_LH_SalVentAttn_FrOperIns_2,7Networks,LH,SalVentAttn_FrOperIns,2,-39.842278964765796,-8.356266583936915,-8.574003206514234
131,7Networks_LH_SalVentAttn_FrOperIns_3,7Networks,LH,SalVentAttn_FrOperIns,3,-38.96753330914515,2.099207894427508,0.46487369034954185
132,7Networks_LH_SalVentAttn_FrOperIns_4,7Networks,LH,SalVentAttn_FrOperIns,4,-34.75890391178322,29.343188892682676,-0.21440756515087855
133,7Networks_LH_SalVentAttn_FrOperIns_5,7Networks,LH,SalVentAttn_FrOperIns,5,-40.52607199438805,-14.530116124758635,-0.498771435034179
134,7Networks_LH_SalVentAttn_FrOperIns_6,7Networks,LH,SalVentAttn_FrOperIns,6,-32.95890514398691,18.799168614404536,7.658384645623819
135,7Networks_LH_SalVentAttn_FrOperIns_7,7Networks,LH,SalVentAttn_FrOperIns,7,-36.875951706018924,-3.5055656303296274,8.717454469426698
136,7Networks_LH_SalVentAttn_FrOperIns_8,7Networks,LH,SalVentAttn_FrOperIns,8,-36.9995537139786,3.2595406144857435,12.347453520322837
137,7Networks_LH_SalVentAttn_FrOperIns_9,7Networks,LH,SalVentAttn_FrOperIns,9,-43.692817720071815,11.17459839327114,1.8914641737728672
138,7Networks_LH_SalVentAttn_FrOperIns_10,7Networks,LH,SalVentAttn_FrOperIns,10,-51.955871263051534,1.562338651566023,4.272234627174747
139,7Networks_LH_SalVentAttn_FrOperIns_11,7Networks,LH,SalVentAttn_FrOperIns,11,-55.17845137639833,7.907719964449029,12.80294560871068
140,7Networks_LH_SalVentAttn_PFCl_1,7Networks,LH,SalVentAttn_PFCl,1,-29.169944347850375,45.8221344470258,27.04642442283962
141,7Networks_LH_SalVentAttn_PFCl_2,7Networks,LH,SalVentAttn_PFCl,2,-25.2734487112251,36.681596522610036,37.1448521982518
142,7Networks_LH_SalVentAttn_Med_1,7Networks,LH,SalVentAttn_Med,1,-6.75233979138352,27.27679285776081,28.431941311507714
143,7Networks_LH_SalVentAttn_Med_2,7Networks,LH,SalVentAttn_Med,2,-6.0876205451900915,16.842883144945276,36.73059164630992
144,7Networks_LH_SalVentAttn_Med_3,7Networks,LH,SalVentAttn_Med,3,-4.740083847124296,4.012407432729603,37.14273199258963
145,7Networks_LH_SalVentAttn_Med_4,7Networks,LH,SalVentAttn_Med,4,-8.094932348476448,-21.298866231175303,39.56648644841121
146,7Networks_LH_SalVentAttn_Med_5,7Networks,LH,SalVentAttn_Med,5,-12.990618573268875,-34.769391889269976,41.559956569535046
147,7Networks_LH_SalVentAttn_Med_6,7Networks,LH,SalVentAttn_Med,6,-12.291492151514618,-23.622674961175235,42.55287705605127
148,7Networks_LH_SalVentAttn_Med_7,7Networks,LH,SalVentAttn_Med,7,-6.945013206092071,3.297573858338879,48.2947314359303
149,7Networks_LH_SalVentAttn_Med_8,7Networks,LH,SalVentAttn_Med,8,-12.125627567302288,-44.44375910592361,50.91947902827047
150,7Networks_LH_SalVentAttn_Med_9,7Networks,LH,SalVentAttn_Med,9,-11.284678709012667,-33.72453878934567,48.543952284380794
151,7Networks_LH_SalVentAttn_Med_10,7Networks,LH,SalVentAttn_Med,10,-3.371401363087969,-50.779182139869405,53.50129838893545
152,7Networks_LH_SalVentAttn_Med_11,7Networks,LH,SalVentAttn_Med,11,-4.824115873638377,3.2093106343856306,59.7221586532162
153,7Networks_LH_SalVentAttn_Med_12,7Networks,LH,SalVentAttn_Med,12,-8.898959706307096,-48.302509414172306,60.54679695128273
154,7Networks_LH_SalVentAttn_Med_13,7Networks,LH,SalVentAttn_Med,13,-13.320431362099214,8.658310766894004,67.16508720603747
155,7Networks_LH_SalVentAttn_Med_14,7Networks,LH,SalVentAttn_Med,14,-8.688991661938402,-1.876233211983191,71.03099034905041
156,7Networks_LH_Limbic_OFC_1,7Networks,LH,Limbic_OFC,1,-23.785769723303545,14.715328984937386,-22.51847107064362
157,7Networks_LH_Limbic_OFC_2,7Networks,LH,Limbic_OFC,2,-12.18361314158824,24.312904878516335,-20.80383540645747
158,7Networks_LH_Limbic_OFC_3,7Networks,LH,Limbic_OFC,3,-22.386285281416733,30.157427798869094,-18.487155597024735
159,7Networks_LH_Limbic_OFC_4,7Networks,LH,Limbic_OFC,4,-4.071753648861858,22.09053778127054,-19.833210361811926
160,7Networks_LH_Limbic_OFC_5,7Networks,LH,Limbic_OFC,5,-9.786672589675561,50.06661504132131,-22.052669503227357
161,7Networks_LH_Limbic_OFC_6,7Networks,LH,Limbic_OFC,6,-3.081813075532807,41.558286926086,-21.980558173958777
162,7Networks_LH_Limbic_OFC_7,7Networks,LH,Limbic_OFC,7,-4.4203041874911975,25.037083771131762,-11.076670058591418
163,7Networks_LH_Limbic_OFC_8,7Networks,LH,Limbic_OFC,8,-9.266293565339566,63.410181963010075,-15.255635289086111
164,7Networks_LH_Limbic_TempPole_1,7Networks,LH,Limbic_TempPole,1,-29.170986443336275,3.1805558564527985,-36.88286992795062
165,7Networks_LH_Limbic_TempPole_2,7Networks,LH,Limbic_TempPole,2,-50.64770000440308,-13.179119644943839,-35.44892225132545
166,7Networks_LH_Limbic_TempPole_3,7Networks,LH,Limbic_TempPole,3,-24.25122402997239,-6.7943369077831335,-33.37067252854361
167,7Networks_LH_Limbic_TempPole_4,7Networks,LH,Limbic_TempPole,4,-44.88234436530081,5.588601867731626,-34.91259617902772
168,7Networks_LH_Limbic_TempPole_5,7Networks,LH,Limbic_TempPole,5,-38.55531558005552,-16.617466427946347,-31.01920388728894
169,7Networks_LH_Limbic_TempPole_6,7Networks,LH,Limbic_TempPole,6,-25.57300783425623,7.563558014334305,-30.355444781865316
170,7Networks_LH_Limbic_TempPole_7,7Networks,LH,Limbic_TempPole,7,-29.923074019607157,-16.211892001596937,-30.998995523500657
171,7Networks_LH_Limbic_TempPole_8,7Networks,LH,Limbic_TempPole,8,-53.96018021480492,-31.290684306323534,-27.088027704581616
172,7Networks_LH_Limbic_TempPole_9,7Networks,LH,Limbic_TempPole,9,-41.073951339827886,17.3437196500077,-28.850760546216968
173,7Networks_LH_Limbic_TempPole_10,7Networks,LH,Limbic_TempPole,10,-37.58018666178671,-36.51678133797029,-22.11418714746833
174,7Networks_LH_Limbic_TempPole_11,7Networks,LH,Limbic_TempPole,11,-20.70620325511615,-18.975009947230937,-26.48837378244651
175,7Networks_LH_Limbic_TempPole_12,7Networks,LH,Limbic_TempPole,12,-31.135400059895304,-27.360270129647894,-21.647442282557908
176,7Networks_LH_Limbic_TempPole_13,7Networks,LH,Limbic_TempPole,13,-36.34935183849045,7.703521935622902,-24.66504216755304
177,7Networks_LH_Limbic_TempPole_14,7Networks,LH,Limbic_TempPole,14,-45.09447257292115,5.982706973555494,-15.91065250399792
178,7Networks_LH_Cont_Par_1,7Networks,LH,Cont_Par,1,-29.852934372345985,-73.16928664282713,45.810472729152806
179,7Networks_LH_Cont_Par_2,7Networks,LH,Cont_Par,2,-58.70041134870715,-41.18852484698097,45.63362728166912
180,7Networks_LH_Cont_Par_3,7Networks,LH,Cont_Par,3,-50.10507447666413,-53.50078279536683,48.76666828599991
181,7Networks_LH_Cont_Par_4,7Networks,LH,Cont_Par,4,-52.99601958511454,-46.18509980528192,53.07744815104613
182,7Networks_LH_Cont_Par_5,7Networks,LH,Cont_Par,5,-36.56823075050943,-62.17808065064324,50.43863901481467
183,7Networks_LH_Cont_Par_6,7Networks,LH,Cont_Par,6,-42.04951420834192,-53.03449832797051,49.40938411653042
184,7Networks_LH_Cont_Par_7,7Networks,LH,Cont_Par,7,-45.175237192218106,-42.345637309702084,47.18761925839253
185,7Networks_LH_Cont_Par_8,7Networks,LH,Cont_Par,8,-30.667207105529755,-59.92020835316825,45.554493644338265
186,7Networks_LH_Cont_Par_9,7Networks,LH,Cont_Par,9,-33.28211405058251,-50.73846618515073,39.68540556421786
187,7Networks_LH_Cont_Temp_1,7Networks,LH,Cont_Temp,1,-60.83441775984713,-48.21985319329288,-9.909399499141635
188,7Networks_LH_Cont_PFCd_1,7Networks,LH,Cont_PFCd,1,-30.669111765055902,2.8896330554158283,59.64481401931374
189,7Networks_LH_Cont_PFCd_2,7Networks,LH,Cont_PFCd,2,-22.55802619422616,7.5998186911705545,60.33546531763925
190,7Networks_LH_Cont_OFC_1,7Networks,LH,Cont_OFC,1,-24.79188731562347,48.06732055474072,-14.6055632169731
191,7Networks_LH_Cont_PFCl_1,7Networks,LH,Cont_PFCl,1,-40.28492405104589,50.990971803992835,-7.903870064451802
192,7Networks_LH_Cont_PFCl_2,7Networks,LH,Cont_PFCl,2,-49.2976060935913,40.34606813736164,-0.8780740090198336
193,7Networks_LH_Cont_PFCl_3,7Networks,LH,Cont_PFCl,3,-38.81307142754977,48.52923846310864,6.400003980462117
194,7Networks_LH_Cont_PFCl_4,7Networks,LH,Cont_PFCl,4,-28.82275985010746,55.81207799216611,10.306485867196763
195,7Networks_LH_Cont_PFCl_5,7Networks,LH,Cont_PFCl,5,-46.52799872889028,34.590281887821945,13.319609069388747
196,7Networks_LH_Cont_PFCl_6,7Networks,LH,Cont_PFCl,6,-48.6840444725791,9.640203643354923,13.707474835354247
197,7Networks_LH_Cont_PFCl_7,7Networks,LH,Cont_PFCl,7,-48.2506250788727,18.063698475518294,23.34291837610725
198,7Networks_LH_Cont_PFCl_8,7Networks,LH,Cont_PFCl,8,-39.47290763569481,41.39687230836455,21.557066952888746
199,7Networks_LH_Cont_PFCl_9,7Networks,LH,Cont_PFCl,9,-44.12907107608069,24.718407348975944,27.488554617871273
200,7Networks_LH_Cont_PFCl_10,7Networks,LH,Cont_PFCl,10,-37.647834867409614,9.36667277527448,31.364823388433408
201,7Networks_LH_Cont_PFCl_11,7Networks,LH,Cont_PFCl,11,-35.02260372298193,31.93859667435659,38.81399372484813
202,7Networks_LH_Cont_PFCl_12,7Networks,LH,Cont_PFCl,12,-45.28865144530377,20.293354057305066,35.49948283396472
203,7Networks_LH_Cont_PFCl_13,7Networks,LH,Cont_PFCl,13,-45.38038239013986,11.874930822697934,39.422403023956576
204,7Networks_LH_Cont_PFCv_1,7Networks,LH,Cont_PFCv,1,-34.70568609082056,14.565549578753448,-9.221919538995508
205,7Networks_LH_Cont_PFCv_2,7Networks,LH,Cont_PFCv,2,-31.51505965275038,21.37608458638772,-2.0933183835843536
206,7Networks_LH_Cont_pCun_1,7Networks,LH,Cont_pCun,1,-9.923365161781845,-74.40160627681577,41.24681539267375
207,7Networks_LH_Cont_pCun_2,7Networks,LH,Cont_pCun,2,-5.290055193786699,-61.45445236321106,51.45912848747979
208,7Networks_LH_Cont_Cing_1,7Networks,LH,Cont_Cing,1,-5.562837245208883,-39.042766294309075,23.743958126694437
209,7Networks_LH_Cont_Cing_2,7Networks,LH,Cont_Cing,2,-3.7604439737705064,16.03118708729744,25.39361777615089
210,7Networks_LH_Cont_Cing_3,7Networks,LH,Cont_Cing,3,-4.291858133009015,-20.969244416615517,29.142545418264405
211,7Networks_LH_Cont_Cing_4,7Networks,LH,Cont_Cing,4,-3.1075063422322415,2.098769993728226,29.955967946340223
212,7Networks_LH_Cont_PFCmp_1,7Networks,LH,Cont_PFCmp,1,-3.1976430399241877,26.993343591818146,46.15542066987487
213,7Networks_LH_Cont_PFCmp_2,7Networks,LH,Cont_PFCmp,2,-5.0284773346323135,13.145647663981308,52.932191553059965
214,7Networks_LH_Default_Temp_1,7Networks,LH,Default_Temp,1,-54.24606691855942,-0.49001602764074903,-28.710220118113146
215,7Networks_LH_Default_Temp_2,7Networks,LH,Default_Temp,2,-59.56929550377666,-19.1341312825391,-23.46411283153954
216,7Networks_LH_Default_Temp_3,7Networks,LH,Default_Temp,3,-51.939185555788725,7.451407353397414,-18.987345062696885
217,7Networks_LH_Default_Temp_4,7Networks,LH,Default_Temp,4,-61.59505026831289,-36.28045985662906,-16.296608099193545
218,7Networks_LH_Default_Temp_5,7Networks,LH,Default_Temp,5,-59.87433467705304,-10.848640247496334,-14.196846095491637
219,7Networks_LH_Default_Temp_6,7Networks,LH,Default_Temp,6,-53.86023817275361,-4.665013263923939,-10.476859176964169
220,7Networks_LH_Default_Temp_7,7Networks,LH,Default_Temp,7,-62.607473343798915,-33.253035414324266,-4.879611365534743
221,7Networks_LH_Default_Temp_8,7Networks,LH,Default_Temp,8,-51.142219387659225,-21.87542636758962,-7.998360503393755
222,7Networks_LH_Default_Temp_9,7Networks,LH,Default_Temp,9,-59.25465997458667,-17.900712949712762,-1.7248530409415253
223,7Networks_LH_Default_Temp_10,7Networks,LH,Default_Temp,10,-51.210632751778576,-33.834486916785444,-0.3776034484513886
224,7Networks_LH_Default_Temp_11,7Networks,LH,Default_Temp,11,-62.840147058998866,-49.770013177982314,4.132244105056792
225,7Networks_LH_Default_Temp_12,7Networks,LH,Default_Temp,12,-52.748219662858816,-43.82881739046343,6.235717161439588
226,7Networks_LH_Default_Par_1,7Networks,LH,Default_Par,1,-48.47582828377682,-50.165867126522926,14.578510803480938
227,7Networks_LH_Default_Par_2,7Networks,LH,Default_Par,2,-46.65801307287788,-57.27583178537979,18.387590674977552
228,7Networks_LH_Default_Par_3,7Networks,LH,Default_Par,3,-59.65964002821596,-49.11862224459648,16.26870966643095
229,7Networks_LH_Default_Par_4,7Networks,LH,Default_Par,4,-43.534627179634725,-71.60092643684857,24.646929897732676
230,7Networks_LH_Default_Par_5,7Networks,LH,Default_Par,5,-46.81178559117481,-63.32360435563241,23.092885379966404
231,7Networks_LH_Default_Par_6,7Networks,LH,Default_Par,6,-48.951886388360066,-54.31690902809534,25.906189407683286
232,7Networks_LH_Default_Par_7,7Networks,LH,Default_Par,7,-41.6711661813452,-75.52280482810502,33.38759339666541
233,7Networks_LH_Default_Par_8,7Networks,LH,Default_Par,8,-60.86309900200541,-53.50747754354688,28.241715978962546
234,7Networks_LH_Default_Par_9,7Networks,LH,Default_Par,9,-48.36974296433962,-67.8241404007682,33.09594375327886
235,7Networks_LH_Default_Par_10,7Networks,LH,Default_Par,10,-49.13369853843378,-59.35863664648679,37.25714721315944
236,7Networks_LH_Default_Par_11,7Networks,LH,Default_Par,11,-39.931928764243565,-72.53357531350824,45.43118557611254
237,7Networks_LH_Default_Par_12,7Networks,LH,Default_Par,12,-55.130977161156466,-50.694161208822976,38.50432171304385
238,7Networks_LH_Default_Par_13,7Networks,LH,Default_Par,13,-44.83365303300485,-63.72672706523112,48.549608475272805
239,7Networks_LH_Default_PFC_1,7Networks,LH,Default_PFC,1,-28.13522481789383,16.826372692409223,-16.461402516334484
240,7Networks_LH_Default_PFC_2,7Networks,LH,Default_PFC,2,-36.00042123194784,37.14785202261061,-12.243347095120697
241,7Networks_LH_Default_PFC_3,7Networks,LH,Default_PFC,3,-36.929242470464914,24.340351353716315,-15.03061884728059
242,7Networks_LH_Default_PFC_4,7Networks,LH,Default_PFC,4,-4.73747401492561,55.49225409917972,-9.578806481904842
243,7Networks_LH_Default_PFC_5,7Networks,LH,Default_PFC,5,-46.25181830845153,31.97569483046287,-9.545894634433182
244,7Networks_LH_Default_PFC_6,7Networks,LH,Default_PFC,6,-6.588924428705212,39.59354636865834,-7.143978801038529
245,7Networks_LH_Default_PFC_7,7Networks,LH,Default_PFC,7,-19.107938754007392,62.918433372149195,-7.839863361159004
246,7Networks_LH_Default_PFC_8,7Networks,LH,Default_PFC,8,-28.121436527399112,57.667621086266905,-1.4726234280681325
247,7Networks_LH_Default_PFC_9,7Networks,LH,Default_PFC,9,-48.147316572731086,27.54323193096826,1.4653851475085986
248,7Networks_LH_Default_PFC_10,7Networks,LH,Default_PFC,10,-12.660839036531229,68.9805803965445,4.90131683350716
249,7Networks_LH_Default_PFC_11,7Networks,LH,Default_PFC,11,-6.067219647114172,44.67530662130439,6.205129391691074
250,7Networks_LH_Default_PFC_12,7Networks,LH,Default_PFC,12,-52.53800720484651,19.762962886852918,10.145384045326203
251,7Networks_LH_Default_PFC_13,7Networks,LH,Default_PFC,13,-22.666385941462124,63.79546766785475,10.71018018150049
252,7Networks_LH_Default_PFC_14,7Networks,LH,Default_PFC,14,-5.5672054026169775,57.10152030837591,15.213362333848131
253,7Networks_LH_Default_PFC_15,7Networks,LH,Default_PFC,15,-2.9330045032230174,29.573116804920616,15.438885754361365
254,7Networks_LH_Default_PFC_16,7Networks,LH,Default_PFC,16,-14.849594877246673,60.78903431337707,23.90437298405476
255,7Networks_LH_Default_PFC_17,7Networks,LH,Default_PFC,17,-7.189437337861463,36.25661317224639,22.085199856598464
256,7Networks_LH_Default_PFC_18,7Networks,LH,Default_PFC,18,-22.340158654544297,52.86866418768267,27.3947560219722
257,7Networks_LH_Default_PFC_19,7Networks,LH,Default_PFC,19,-3.6843267485830182,47.44998840835218,34.98627180199078
258,7Networks_LH_Default_PFC_20,7Networks,LH,Default_PFC,20,-19.571396808964252,40.76389085595636,42.550738560142875
259,7Networks_LH_Default_PFC_21,7Networks,LH,Default_PFC,21,-13.904023852178724,46.888777393415495,44.6023261296815
260,7Networks_LH_Default_PFC_22,7Networks,LH,Default_PFC,22,-25.012841005250806,27.405836005446815,43.75730713410303
261,7Networks_LH_Default_PFC_23,7Networks,LH,Default_PFC,23,-39.29820765213603,18.92249706508065,50.01826770572431
262,7Networks_LH_Default_PFC_24,7Networks,LH,Default_PFC,24,-42.065105034753,6.489856694385679,48.95422431678986
263,7Networks_LH_Default_PFC_25,7Networks,LH,Default_PFC,25,-5.662375844760717,36.81237328779626,54.16556942117322
264,7Networks_LH_Default_PFC_26,7Networks,LH,Default_PFC,26,-28.599535106656106,15.569893540193632,54.621418245623374
265,7Networks_LH_Default_PFC_27,7Networks,LH,Default_PFC,27,-21.361162427470006,24.04838450911221,51.60963468070776
266,7Networks_LH_Default_PFC_28,7Networks,LH,Default_PFC,28,-13.76003318093069,22.630297845223026,60.742895246733255
267,7Networks_LH_Default_PFC_29,7Networks,LH,Default_PFC,29,-4.656197467799913,13.530704568907353,64.65581096531982
268,7Networks_LH_Default_pCunPCC_1,7Networks,LH,Default_pCunPCC,1,-10.024117979519772,-52.66809025383408,7.95193781064085
269,7Networks_LH_Default_pCunPCC_2,7Networks,LH,Default_pCunPCC,2,-5.716488045377616,-47.14469940081621,14.12873831677895
270,7Networks_LH_Default_pCunPCC_3,7Networks,LH,Default_pCunPCC,3,-11.924024607839712,-59.48674987474185,17.273664158172487
271,7Networks_LH_Default_pCunPCC_4,7Networks,LH,Default_pCunPCC,4,-4.284677549176891,-53.58945224238508,19.273728387024477
272,7Networks_LH_Default_pCunPCC_5,7Networks,LH,Default_pCunPCC,5,-15.007424041691976,-64.90407836216234,23.54119800072226
273,7Networks_LH_Default_pCunPCC_6,7Networks,LH,Default_pCunPCC,6,-4.8865220529111895,-65.68113578368317,23.797621460800826
274,7Networks_LH_Default_pCunPCC_7,7Networks,LH,Default_pCunPCC,7,-6.4015045171543505,-55.18932046822964,27.279560321713646
275,7Networks_LH_Default_pCunPCC_8,7Networks,LH,Default_pCunPCC,8,-3.8403056875509947,-42.303638022414276,29.632462086060215
276,7Networks_LH_Default_pCunPCC_9,7Networks,LH,Default_pCunPCC,9,-11.06766250804067,-69.23667725903647,30.954202721927857
277,7Networks_LH_Default_pCunPCC_10,7Networks,LH,Default_pCunPCC,10,-4.7393097289734385,-61.86199948339964,33.72142808492882
278,7Networks_LH_Default_pCunPCC_11,7Networks,LH,Default_pCunPCC,11,-4.7170313484035375,-30.889800594684978,36.353829609385386
279,7Networks_LH_Default_pCunPCC_12,7Networks,LH,Default_pCunPCC,12,-2.217762270328393,-15.69613905159455,36.9393382267246
280,7Networks_LH_Default_pCunPCC_13,7Networks,LH,Default_pCunPCC,13,-11.430720848537334,-48.944433009823946,34.291219048524695
281,7Networks_LH_Default_pCunPCC_14,7Networks,LH,Default_pCunPCC,14,-5.376273585865505,-39.10660666518678,39.81800214237032
282,7Networks_LH_Default_pCunPCC_15,7Networks,LH,Default_pCunPCC,15,-2.9526809085950703,-68.850519071192,42.05567880005887
283,7Networks_LH_Default_pCunPCC_16,7Networks,LH,Default_pCunPCC,16,-5.123137960871375,-57.45040443221167,43.720327920700996
284,7Networks_LH_Default_pCunPCC_17,7Networks,LH,Default_pCunPCC,17,-6.321876256789963,-48.05058583320634,43.36781688045386
285,7Networks_LH_Default_PHC_1,7Networks,LH,Default_PHC,1,-21.35503156583799,-35.72600180223242,-13.859472618770152
286,7Networks_RH_Vis_1,7Networks,RH,Vis,1,30.161464730889058,-29.967427566666494,-18.972018238043287
287,7Networks_RH_Vis_2,7Networks,RH,Vis,2,35.9200806839412,-51.61904727731023,-18.632135467347943
288,7Networks_RH_Vis_3,7Networks,RH,Vis,3,28.932424680963948,-50.53522025869089,-11.432803091751609
289,7Networks_RH_Vis_4,7Networks,RH,Vis,4,38.33107875792912,-69.47968592259156,-15.136619689901742
290,7Networks_RH_Vis_5,7Networks,RH,Vis,5,27.578509491737606,-71.26004609197639,-10.68904499876264
291,7Networks_RH_Vis_6,7Networks,RH,Vis,6,23.53708904372732,-46.253011705400816,-8.053685483295752
292,7Networks_RH_Vis_7,7Networks,RH,Vis,7,22.2291469247739,-65.29482944281655,-9.016383746288192
293,7Networks_RH_Vis_8,7Networks,RH,Vis,8,18.42753464524303,-30.948061666421353,-14.739792655071906
294,7Networks_RH_Vis_10,7Networks,RH,Vis,10,43.80695305236926,-77.38884274909894,-14.989309960976243
295,7Networks_RH_Vis_11,7Networks,RH,Vis,11,15.428233496558207,-75.71708958137494,-13.319361365185333
296,7Networks_RH_Vis_12,7Networks,RH,Vis,12,50.969276564159934,-65.22712191899235,-7.589071729607305
297,7Networks_RH_Vis_13,7Networks,RH,Vis,13,14.288182632046201,-58.29631178480365,-4.563165858535356
298,7Networks_RH_Vis_14,7Networks,RH,Vis,14,9.22103817954374,-70.5460660728411,-4.082517808718748
299,7Networks_RH_Vis_16,7Networks,RH,Vis,16,15.428626945182188,-39.46839578143291,-6.410919597402454
300,7Networks_RH_Vis_18,7Networks,RH,Vis,18,2.740663244505413,-75.31710581388324,-0.7088584071025252
301,7Networks_RH_Vis_19,7Networks,RH,Vis,19,49.17354414612055,-78.631839890033,0.0010266024619340897
302,7Networks_RH_Vis_20,7Networks,RH,Vis,20,17.727156435088318,-50.064546464809354,0.21115729356041157
303,7Networks_RH_Vis_21,7Networks,RH,Vis,21,10.210521935444802,-60.15686238800053,4.7976857460225375
304,7Networks_RH_Vis_22,7Networks,RH,Vis,22,13.53594201257718,-44.77748822527272,3.5186348531750014
305,7Networks_RH_Vis_25,7Networks,RH,Vis,25,48.4279720106709,-66.91127340580694,4.6373690384288935
306,7Networks_RH_Vis_27,7Networks,RH,Vis,27,10.21842978492269,-70.3541275444837,9.390573951014638
307,7Networks_RH_Vis_29,7Networks,RH,Vis,29,22.249927203428555,-59.02040774523155,6.49400277311603
308,7Networks_RH_Vis_32,7Networks,RH,Vis,32,46.089416340469825,-75.15359952261701,10.540080880495857
309,7Networks_RH_Vis_34,7Networks,RH,Vis,34,33.81621762737632,-78.51714701453845,11.749568432569504
310,7Networks_RH_Vis_35,7Networks,RH,Vis,35,14.717115260031207,-66.16602639753756,18.26263105911685
311,7Networks_RH_Vis_36,7Networks,RH,Vis,36,4.8955021110588035,-74.38118877523932,24.07292758801887
312,7Networks_RH_Vis_38,7Networks,RH,Vis,38,37.0618760502839,-75.9930753391236,25.828406961984
313,7Networks_RH_Vis_39,7Networks,RH,Vis,39,16.363536040573933,-64.39190832745729,27.743446122175484
314,7Networks_RH_Vis_40,7Networks,RH,Vis,40,26.226175279170278,-79.2983802512288,33.003660777956256
315,7Networks_RH_Vis_41,7Networks,RH,Vis,41,13.78283010078016,-75.44065864960858,30.34634594785544
316,7Networks_RH_Vis_42,7Networks,RH,Vis,42,30.540415620803827,-75.48648298460505,25.70117296317349
317,7Networks_RH_Vis_43,7Networks,RH,Vis,43,17.878083580614714,-78.49311081450759,41.25993337227325
318,7Networks_RH_Vis_44,7Networks,RH,Vis,44,27.786943098802247,-76.01941266417336,41.345621310069816
319,7Networks_RH_SomMot_1,7Networks,RH,SomMot,1,53.607602206503294,3.281129227146849,-4.457966890249573
320,7Networks_RH_SomMot_2,7Networks,RH,SomMot,2,59.30218062471859,-13.64508323219799,-4.198214842244809
321,7Networks_RH_SomMot_3,7Networks,RH,SomMot,3,55.59223659223326,-10.897364398739725,3.7049347208495362
322,7Networks_RH_SomMot_4,7Networks,RH,SomMot,4,61.22040222065361,-24.519421787826282,2.2189399346482617
323,7Networks_RH_SomMot_5,7Networks,RH,SomMot,5,39.759342392346234,-19.32856927836329,3.8546515047186816
324,7Networks_RH_SomMot_6,7Networks,RH,SomMot,6,37.18054147135053,-9.964740716748764,12.551315747367013
325,7Networks_RH_SomMot_7,7Networks,RH,SomMot,7,46.5146365069756,-22.183462825613198,9.211006353336451
326,7Networks_RH_SomMot_8,7Networks,RH,SomMot,8,34.41676410639452,-21.688956296347357,13.068991239320624
327,7Networks_RH_SomMot_9,7Networks,RH,SomMot,9,60.909104892016344,-23.012991133551516,10.732995297401786
328,7Networks_RH_SomMot_10,7Networks,RH,SomMot,10,42.201894226794444,-1.3135189834982128,14.685552719049156
329,7Networks_RH_SomMot_11,7Networks,RH,SomMot,11,64.64742860555108,-34.89130903575858,10.602044191558903
330,7Networks_RH_SomMot_12,7Networks,RH,SomMot,12,40.56679106380504,-12.337378867658288,17.814411110029766
331,7Networks_RH_SomMot_13,7Networks,RH,SomMot,13,41.80460825294314,-28.289206252110844,17.754522226852316
332,7Networks_RH_SomMot_14,7Networks,RH,SomMot,14,49.529290809335876,-9.000884653920806,12.45222252027856
333,7Networks_RH_SomMot_15,7Networks,RH,SomMot,15,59.95897307763118,0.24189094256927035,10.816489837395501
334,7Networks_RH_SomMot_16,7Networks,RH,SomMot,16,48.4788145576345,-19.98321023081533,17.45138341542851
335,7Networks_RH_SomMot_17,7Networks,RH,SomMot,17,60.4785390774218,-11.662195991394071,14.54029499276502
336,7Networks_RH_SomMot_18,7Networks,RH,SomMot,18,61.324411396878546,-3.765401739106366,24.498863831903506
337,7Networks_RH_SomMot_19,7Networks,RH,SomMot,19,63.65155600056413,-12.024971128411352,27.58531494453669
338,7Networks_RH_SomMot_20,7Networks,RH,SomMot,20,60.77594331869234,5.794705160996983,30.978228379075446
339,7Networks_RH_SomMot_21,7Networks,RH,SomMot,21,58.43633494055215,-13.829581901641959,38.93762340400157
340,7Networks_RH_SomMot_22,7Networks,RH,SomMot,22,52.95654215346952,-5.385700347188049,37.521915609875094
341,7Networks_RH_SomMot_23,7Networks,RH,SomMot,23,52.71133664514749,-11.441849345822021,37.4438837556649
342,7Networks_RH_SomMot_24,7Networks,RH,SomMot,24,8.309212513028513,-0.1599748939541712,43.643080774441884
343,7Networks_RH_SomMot_25,7Networks,RH,SomMot,25,10.92196445519535,-16.47015891739955,41.422661929061775
344,7Networks_RH_SomMot_26,7Networks,RH,SomMot,26,53.20297477485648,-18.47143498457531,45.64881804621979
345,7Networks_RH_SomMot_27,7Networks,RH,SomMot,27,51.790355085614415,-12.590534761274128,49.59582970737863
346,7Networks_RH_SomMot_28,7Networks,RH,SomMot,28,39.789945461030584,-16.020607480430044,40.686343452485744
347,7Networks_RH_SomMot_29,7Networks,RH,SomMot,29,45.774000343001454,-8.85835868406754,50.719022196800225
348,7Networks_RH_SomMot_30,7Networks,RH,SomMot,30,49.73484932777663,-25.30719914544357,56.89672859891533
349,7Networks_RH_SomMot_31,7Networks,RH,SomMot,31,7.491824988561234,-12.617471849353151,50.663194578740445
350,7Networks_RH_SomMot_32,7Networks,RH,SomMot,32,5.8214023974176285,0.8273376177667728,54.66870249339435
351,7Networks_RH_SomMot_33,7Networks,RH,SomMot,33,43.48559685715142,-20.76555878651896,54.645447388591094
352,7Networks_RH_SomMot_34,7Networks,RH,SomMot,34,41.12569319818625,-16.62674997001887,56.76422764733434
353,7Networks_RH_SomMot_35,7Networks,RH,SomMot,35,34.19525760566287,-34.26199394772634,60.441397596449576
354,7Networks_RH_SomMot_36,7Networks,RH,SomMot,36,5.020056423093024,-22.02997693998946,57.530848170665124
355,7Networks_RH_SomMot_37,7Networks,RH,SomMot,37,35.01194971188824,-27.222935253192503,60.07801317920287
356,7Networks_RH_SomMot_38,7Networks,RH,SomMot,38,36.021351484485066,-15.117514111004851,68.14479386274304
357,7Networks_RH_SomMot_39,7Networks,RH,SomMot,39,29.829669958627136,-40.67589851491964,65.54089311060588
358,7Networks_RH_SomMot_40,7Networks,RH,SomMot,40,31.079185724323217,-23.503482046917725,60.87485583777661
359,7Networks_RH_SomMot_41,7Networks,RH,SomMot,41,27.230511064141325,-11.15309311100151,65.55351888066379
360,7Networks_RH_SomMot_42,7Networks,RH,SomMot,42,9.012493144158881,-40.79343974165744,64.23324387458116
361,7Networks_RH_SomMot_43,7Networks,RH,SomMot,43,3.401970456987627,-31.87768947772682,62.579731634445494
362,7Networks_RH_SomMot_44,7Networks,RH,SomMot,44,25.452539844006836,-33.594337550060054,68.69581076034866
363,7Networks_RH_SomMot_45,7Networks,RH,SomMot,45,18.840930764966956,-4.809374482060477,68.79770907678952
364,7Networks_RH_SomMot_46,7Networks,RH,SomMot,46,24.404032937477567,-28.418032161287357,67.83799068763987
365,7Networks_RH_SomMot_47,7Networks,RH,SomMot,47,19.77579912908797,-27.15111221527716,60.98882959171567
366,7Networks_RH_SomMot_48,7Networks,RH,SomMot,48,23.31560661493147,-22.04239808205277,70.68340628201815
367,7Networks_RH_SomMot_49,7Networks,RH,SomMot,49,18.22573093038642,-13.781099265225635,72.02149055919757
368,7Networks_RH_SomMot_50,7Networks,RH,SomMot,50,15.159117503933714,-47.0237585848631,75.46084482352924
369,7Networks_RH_SomMot_51,7Networks,RH,SomMot,51,7.508076346768377,-16.489716074879055,72.937896526242
370,7Networks_RH_SomMot_52,7Networks,RH,SomMot,52,21.530743201433765,-36.818191612900144,74.19296524117532
371,7Networks_RH_SomMot_53,7Networks,RH,SomMot,53,4.892051737755537,-31.23337708606764,72.5924515782591
372,7Networks_RH_SomMot_54,7Networks,RH,SomMot,54,11.060939876924976,-38.66581840785045,75.71133505461631
373,7Networks_RH_SomMot_55,7Networks,RH,SomMot,55,13.832097722597567,-26.64045403418796,71.96546385190165
374,7Networks_RH_SomMot_56,7Networks,RH,SomMot,56,14.352299899160855,-31.874242328703403,73.5562469651401
375,7Networks_RH_DorsAttn_Post_1,7Networks,RH,DorsAttn_Post,1,46.468166286857986,-36.31982751576038,-21.641591209815495
376,7Networks_RH_DorsAttn_Post_2,7Networks,RH,DorsAttn_Post,2,50.1261640010315,-52.759246950570585,-16.96354733018941
377,7Networks_RH_DorsAttn_Post_3,7Networks,RH,DorsAttn_Post,3,58.30413730833731,-54.76601860780155,-1.6012935234871861
378,7Networks_RH_DorsAttn_Post_4,7Networks,RH,DorsAttn_Post,4,50.96392435410148,-58.669615925950374,13.96754753102477
379,7Networks_RH_DorsAttn_Post_5,7Networks,RH,DorsAttn_Post,5,46.6357284552715,-66.53623445848835,19.997379937657016
380,7Networks_RH_DorsAttn_Post_6,7Networks,RH,DorsAttn_Post,6,43.52942445608122,-77.96071167311499,19.13017931761486
381,7Networks_RH_DorsAttn_Post_7,7Networks,RH,DorsAttn_Post,7,45.63278703253113,-75.93351144721177,27.141328344801195
382,7Networks_RH_DorsAttn_Post_8,7Networks,RH,DorsAttn_Post,8,30.006692752180676,-65.79845465678763,33.20136631476683
383,7Networks_RH_DorsAttn_Post_9,7Networks,RH,DorsAttn_Post,9,34.08224828395572,-71.9437042721397,41.48184966513767
384,7Networks_RH_DorsAttn_Post_10,7Networks,RH,DorsAttn_Post,10,55.963043052932385,-21.48863208626325,41.81018443279541
385,7Networks_RH_DorsAttn_Post_11,7Networks,RH,DorsAttn_Post,11,55.055834401784274,-29.25483962957715,52.61557897045438
386,7Networks_RH_DorsAttn_Post_12,7Networks,RH,DorsAttn_Post,12,47.3489706060042,-36.80786520441373,52.55376208330195
387,7Networks_RH_DorsAttn_Post_13,7Networks,RH,DorsAttn_Post,13,32.453679311122876,-66.3293841887849,49.75010747592671
388,7Networks_RH_DorsAttn_Post_14,7Networks,RH,DorsAttn_Post,14,16.52449462884198,-77.85553423709729,52.493616392288146
389,7Networks_RH_DorsAttn_Post_15,7Networks,RH,DorsAttn_Post,15,46.251900062412744,-28.180263144107393,43.516410320853964
390,7Networks_RH_DorsAttn_Post_16,7Networks,RH,DorsAttn_Post,16,39.4905801415968,-39.798955840159195,47.84564971526814
391,7Networks_RH_DorsAttn_Post_17,7Networks,RH,DorsAttn_Post,17,28.053849389060176,-63.81716595070484,51.94227738949732
392,7Networks_RH_DorsAttn_Post_18,7Networks,RH,DorsAttn_Post,18,34.29274017782243,-55.92077740781927,52.04982026183305
393,7Networks_RH_DorsAttn_Post_19,7Networks,RH,DorsAttn_Post,19,20.840023625336173,-68.73176581338267,53.497425582106956
394,7Networks_RH_DorsAttn_Post_20,7Networks,RH,DorsAttn_Post,20,35.66091465833871,-33.504772248908004,47.0807489467237
395,7Networks_RH_DorsAttn_Post_21,7Networks,RH,DorsAttn_Post,21,34.768370274875586,-46.2930144738972,53.92266023802725
396,7Networks_RH_DorsAttn_Post_22,7Networks,RH,DorsAttn_Post,22,11.250599704660516,-70.48170741125494,53.11140637081897
397,7Networks_RH_DorsAttn_Post_23,7Networks,RH,DorsAttn_Post,23,35.97640353798082,-39.77479613784113,59.07908398893319
398,7Networks_RH_DorsAttn_Post_24,7Networks,RH,DorsAttn_Post,24,6.859838585915838,-52.85929422517758,53.90918269772695
399,7Networks_RH_DorsAttn_Post_25,7Networks,RH,DorsAttn_Post,25,27.736255899801904,-56.70299141250081,60.066317051512954
400,7Networks_RH_DorsAttn_Post_26,7Networks,RH,DorsAttn_Post,26,8.270626612482658,-64.01233298911544,58.44650579466416
401,7Networks_RH_DorsAttn_Post_27,7Networks,RH,DorsAttn_Post,27,35.588954520638325,-48.26373706939253,65.90395437754893
402,7Networks_RH_DorsAttn_Post_28,7Networks,RH,DorsAttn_Post,28,22.53577958224342,-63.87009178586304,64.75987139521168
403,7Networks_RH_DorsAttn_Post_29,7Networks,RH,DorsAttn_Post,29,13.705866514662134,-61.32687227187249,66.19130578929416
404,7Networks_RH_DorsAttn_Post_30,7Networks,RH,DorsAttn_Post,30,7.369940021528848,-51.10465055454841,65.42145393387204
405,7Networks_RH_DorsAttn_Post_31,7Networks,RH,DorsAttn_Post,31,22.690826378127966,-49.47542928015636,68.91917072637162
406,7Networks_RH_DorsAttn_FEF_1,7Networks,RH,DorsAttn_FEF,1,39.934993068361656,-2.756795574817815,52.27407122265237
407,7Networks_RH_DorsAttn_FEF_2,7Networks,RH,DorsAttn_FEF,2,28.856309734876184,1.2254267097229103,52.779138234163085
408,7Networks_RH_DorsAttn_FEF_3,7Networks,RH,DorsAttn_FEF,3,30.052307381450518,-7.5019850616552475,54.195763279497626
409,7Networks_RH_DorsAttn_FEF_4,7Networks,RH,DorsAttn_FEF,4,24.909212357698465,-1.245142645923039,59.36647922514041
410,7Networks_RH_DorsAttn_PrCv_1,7Networks,RH,DorsAttn_PrCv,1,43.330928191253285,8.574735798556546,24.946007372341256
411,7Networks_RH_DorsAttn_PrCv_2,7Networks,RH,DorsAttn_PrCv,2,50.81508412263874,7.222855966041493,30.893412330456897
412,7Networks_RH_SalVentAttn_TempOccPar_1,7Networks,RH,SalVentAttn_TempOccPar,1,59.92865810656064,-44.93292475258177,5.108219394027387
413,7Networks_RH_SalVentAttn_TempOccPar_2,7Networks,RH,SalVentAttn_TempOccPar,2,55.29409518425421,-53.17464922604765,9.908978674015621
414,7Networks_RH_SalVentAttn_TempOccPar_3,7Networks,RH,SalVentAttn_TempOccPar,3,51.95713579055986,-40.31261549681603,11.955938075203449
415,7Networks_RH_SalVentAttn_TempOccPar_4,7Networks,RH,SalVentAttn_TempOccPar,4,62.3853959370246,-39.71071239695587,19.369838590753517
416,7Networks_RH_SalVentAttn_TempOccPar_5,7Networks,RH,SalVentAttn_TempOccPar,5,63.260700867173085,-31.866319319242564,21.599043370646186
417,7Networks_RH_SalVentAttn_TempOccPar_6,7Networks,RH,SalVentAttn_TempOccPar,6,50.29590968384995,-29.8967899742154,25.62069644141576
418,7Networks_RH_SalVentAttn_TempOccPar_7,7Networks,RH,SalVentAttn_TempOccPar,7,59.7203069709514,-21.611682948936533,21.314347754119012
419,7Networks_RH_SalVentAttn_TempOccPar_8,7Networks,RH,SalVentAttn_TempOccPar,8,63.24089277838239,-39.50034402571808,30.05181679097454
420,7Networks_RH_SalVentAttn_TempOccPar_9,7Networks,RH,SalVentAttn_TempOccPar,9,59.01103594540244,-27.61785406668256,33.44290152273692
421,7Networks_RH_SalVentAttn_TempOccPar_10,7Networks,RH,SalVentAttn_TempOccPar,10,63.78222264856639,-29.829858093466385,34.5197051579963
422,7Networks_RH_SalVentAttn_TempOccPar_11,7Networks,RH,SalVentAttn_TempOccPar,11,61.70687017659401,-18.204301380112277,31.28712685934299
423,7Networks_RH_SalVentAttn_TempOccPar_12,7Networks,RH,SalVentAttn_TempOccPar,12,62.87856601168226,-24.128826398063794,44.35031983420461
424,7Networks_RH_SalVentAttn_PrC_1,7Networks,RH,SalVentAttn_PrC,1,49.21037462948296,3.115199105407598,42.25995210213557
425,7Networks_RH_SalVentAttn_FrOperIns_1,7Networks,RH,SalVentAttn_FrOperIns,1,38.91426419052812,7.051965520221586,-16.570095041124098
426,7Networks_RH_SalVentAttn_FrOperIns_2,7Networks,RH,SalVentAttn_FrOperIns,2,40.71424459316682,7.171209786319267,-5.359251018176913
427,7Networks_RH_SalVentAttn_FrOperIns_3,7Networks,RH,SalVentAttn_FrOperIns,3,34.144471816210576,25.889908205675468,1.0789519980422781
428,7Networks_RH_SalVentAttn_FrOperIns_4,7Networks,RH,SalVentAttn_FrOperIns,4,40.56579972948706,-10.332194743093183,-2.900557325362385
429,7Networks_RH_SalVentAttn_FrOperIns_5,7Networks,RH,SalVentAttn_FrOperIns,5,38.2190644061456,2.7550753352921618,4.96272514004913
430,7Networks_RH_SalVentAttn_FrOperIns_6,7Networks,RH,SalVentAttn_FrOperIns,6,37.80243628486418,22.67356265696067,6.756222037343768
431,7Networks_RH_SalVentAttn_FrOperIns_7,7Networks,RH,SalVentAttn_FrOperIns,7,36.49110038121101,5.110621232397946,11.434915905794767
432,7Networks_RH_SalVentAttn_FrOperIns_8,7Networks,RH,SalVentAttn_FrOperIns,8,43.853402858612526,12.447616200819112,4.462193030889004
433,7Networks_RH_SalVentAttn_FrOperIns_9,7Networks,RH,SalVentAttn_FrOperIns,9,54.701069038361304,14.753519604954377,5.739312739273458
434,7Networks_RH_SalVentAttn_FrOperIns_10,7Networks,RH,SalVentAttn_FrOperIns,10,51.017913353255025,3.9449034711451247,4.01649260820443
435,7Networks_RH_SalVentAttn_FrOperIns_11,7Networks,RH,SalVentAttn_FrOperIns,11,53.51438349191295,10.949868984235252,14.055379775490913
436,7Networks_RH_SalVentAttn_FrOperIns_12,7Networks,RH,SalVentAttn_FrOperIns,12,58.787163763307035,8.82279218127951,19.56643392794234
437,7Networks_RH_SalVentAttn_PFCl_1,7Networks,RH,SalVentAttn_PFCl,1,33.54596532126359,43.415962135722125,30.645207090916614
438,7Networks_RH_SalVentAttn_Med_1,7Networks,RH,SalVentAttn_Med,1,4.476516194003693,21.705135008090565,24.11215818043135
439,7Networks_RH_SalVentAttn_Med_2,7Networks,RH,SalVentAttn_Med,2,8.530204368640455,25.02786990170371,33.0069943436055
440,7Networks_RH_SalVentAttn_Med_3,7Networks,RH,SalVentAttn_Med,3,6.461887101201043,11.562988770309701,36.70823139815488
441,7Networks_RH_SalVentAttn_Med_4,7Networks,RH,SalVentAttn_Med,4,4.7194190891986665,-8.305105007552314,37.198070737234545
442,7Networks_RH_SalVentAttn_Med_5,7Networks,RH,SalVentAttn_Med,5,8.95029640074452,-29.256725701490346,40.65539036268815
443,7Networks_RH_SalVentAttn_Med_6,7Networks,RH,SalVentAttn_Med,6,7.194117973226369,13.482219663671927,48.53068288862269
444,7Networks_RH_SalVentAttn_Med_7,7Networks,RH,SalVentAttn_Med,7,11.306799568614224,-37.61395788600203,43.66716983076185
445,7Networks_RH_SalVentAttn_Med_8,7Networks,RH,SalVentAttn_Med,8,12.673657545103481,-25.62864379649266,45.09353226262074
446,7Networks_RH_SalVentAttn_Med_9,7Networks,RH,SalVentAttn_Med,9,9.035385266696807,-43.005677001456995,52.60821834230701
447,7Networks_RH_SalVentAttn_Med_10,7Networks,RH,SalVentAttn_Med,10,10.151948064456889,-34.23314679533678,51.62645676185505
448,7Networks_RH_SalVentAttn_Med_11,7Networks,RH,SalVentAttn_Med,11,5.335279113035412,11.852417774687083,61.978330641041836
449,7Networks_RH_SalVentAttn_Med_12,7Networks,RH,SalVentAttn_Med,12,6.644654711012166,-1.2966105286448482,66.17460760534905
450,7Networks_RH_SalVentAttn_Med_13,7Networks,RH,SalVentAttn_Med,13,15.751177469142164,5.546069652031534,69.24336223484222
451,7Networks_RH_Limbic_OFC_1,7Networks,RH,Limbic_OFC,1,19.647200647678062,13.548402533654809,-21.929412682519548
452,7Networks_RH_Limbic_OFC_2,7Networks,RH,Limbic_OFC,2,15.628012396301287,27.95589079883169,-23.496220992173715
453,7Networks_RH_Limbic_OFC_3,7Networks,RH,Limbic_OFC,3,11.866090211806437,23.56968106024857,-18.036268720063585
454,7Networks_RH_Limbic_OFC_4,7Networks,RH,Limbic_OFC,4,10.045569872047665,41.602915694580446,-23.675037370479487
455,7Networks_RH_Limbic_OFC_5,7Networks,RH,Limbic_OFC,5,24.093831295272764,28.225651326393617,-18.247971795139318
456,7Networks_RH_Limbic_OFC_6,7Networks,RH,Limbic_OFC,6,5.06450739706591,20.920585380290902,-20.289625870586512
457,7Networks_RH_Limbic_OFC_7,7Networks,RH,Limbic_OFC,7,4.41759942856639,48.497282066352156,-23.05504756651299
458,7Networks_RH_Limbic_OFC_8,7Networks,RH,Limbic_OFC,8,14.271487301462372,58.11190341597043,-18.279552966558253
459,7Networks_RH_Limbic_OFC_9,7Networks,RH,Limbic_OFC,9,6.90986805391573,63.214336564814715,-10.733805581373538
460,7Networks_RH_Limbic_TempPole_1,7Networks,RH,Limbic_TempPole,1,43.323326553351116,0.0871687087097257,-38.46838349507501
461,7Networks_RH_Limbic_TempPole_2,7Networks,RH,Limbic_TempPole,2,32.35974497857193,11.891962789868316,-37.49844185467809
462,7Networks_RH_Limbic_TempPole_3,7Networks,RH,Limbic_TempPole,3,27.744567140711084,-5.179488106383019,-34.51250623132695
463,7Networks_RH_Limbic_TempPole_4,7Networks,RH,Limbic_TempPole,4,39.02319280907114,-12.326111020824328,-33.37949745202277
464,7Networks_RH_Limbic_TempPole_5,7Networks,RH,Limbic_TempPole,5,22.76596977870983,5.38971722543053,-31.72045509505478
465,7Networks_RH_Limbic_TempPole_6,7Networks,RH,Limbic_TempPole,6,52.17605415307691,-19.35143451646085,-31.689513253672118
466,7Networks_RH_Limbic_TempPole_7,7Networks,RH,Limbic_TempPole,7,30.539211046492518,14.153482939370647,-30.77547073509883
467,7Networks_RH_Limbic_TempPole_8,7Networks,RH,Limbic_TempPole,8,36.42146738819376,-31.210528859954152,-23.49826377652541
468,7Networks_RH_Limbic_TempPole_9,7Networks,RH,Limbic_TempPole,9,44.10505951468223,19.201896333455295,-26.24538996356689
469,7Networks_RH_Limbic_TempPole_10,7Networks,RH,Limbic_TempPole,10,22.314580541296777,-16.67321378557847,-27.07903956859533
470,7Networks_RH_Limbic_TempPole_11,7Networks,RH,Limbic_TempPole,11,45.97641396549131,7.828812211143713,-14.770133196661362
471,7Networks_RH_Cont_Par_1,7Networks,RH,Cont_Par,1,59.155251786366335,-44.97533337159462,34.6092530913963
472,7Networks_RH_Cont_Par_2,7Networks,RH,Cont_Par,2,60.23959866820357,-34.68017968357499,44.198054071089516
473,7Networks_RH_Cont_Par_3,7Networks,RH,Cont_Par,3,42.41930105121154,-71.75831389219174,44.89903898622255
474,7Networks_RH_Cont_Par_4,7Networks,RH,Cont_Par,4,53.60789472781055,-38.24737035060701,47.65137177547773
475,7Networks_RH_Cont_Par_5,7Networks,RH,Cont_Par,5,47.787194601236244,-55.76047940803772,50.72981315601267
476,7Networks_RH_Cont_Par_6,7Networks,RH,Cont_Par,6,49.951948757624564,-44.063605104195005,50.52391642671411
477,7Networks_RH_Cont_Par_7,7Networks,RH,Cont_Par,7,40.10713415196346,-61.92665633579827,49.12581422111269
478,7Networks_RH_Cont_Par_8,7Networks,RH,Cont_Par,8,44.454299872178794,-45.676217478823,45.06615944487868
479,7Networks_RH_Cont_Par_9,7Networks,RH,Cont_Par,9,37.84619993048118,-50.666053766275155,42.67895037308335
480,7Networks_RH_Cont_Temp_1,7Networks,RH,Cont_Temp,1,59.154043823405345,-29.63072726169996,-22.771149075966363
481,7Networks_RH_Cont_Temp_2,7Networks,RH,Cont_Temp,2,63.029455033154825,-41.37096807368609,-11.468496401125613
482,7Networks_RH_Cont_PFCv_1,7Networks,RH,Cont_PFCv,1,34.246377731219006,20.464305075110445,-8.702001685609567
483,7Networks_RH_Cont_PFCl_1,7Networks,RH,Cont_PFCl,1,22.479034936779442,42.05061456678216,-16.971568214353255
484,7Networks_RH_Cont_PFCl_2,7Networks,RH,Cont_PFCl,2,27.870415445790698,55.59914272042312,-13.506407134255099
485,7Networks_RH_Cont_PFCl_3,7Networks,RH,Cont_PFCl,3,42.33013544684184,51.19722786460093,-7.696851599573634
486,7Networks_RH_Cont_PFCl_4,7Networks,RH,Cont_PFCl,4,30.60853111633906,58.46043089943228,-3.3964489295769837
487,7Networks_RH_Cont_PFCl_5,7Networks,RH,Cont_PFCl,5,19.820388089637163,64.40236669984287,-2.5799634048512843
488,7Networks_RH_Cont_PFCl_6,7Networks,RH,Cont_PFCl,6,49.60035394452686,39.67136796965271,4.984794586882458
489,7Networks_RH_Cont_PFCl_7,7Networks,RH,Cont_PFCl,7,41.38025492853062,50.01604436650561,6.683525799480556
490,7Networks_RH_Cont_PFCl_8,7Networks,RH,Cont_PFCl,8,29.97977698546721,56.91669721335106,8.711156658435684
491,7Networks_RH_Cont_PFCl_9,7Networks,RH,Cont_PFCl,9,49.08059866208244,30.65796209706953,17.91285134839515
492,7Networks_RH_Cont_PFCl_10,7Networks,RH,Cont_PFCl,10,53.11375880891872,18.638025594769047,19.510820574189864
493,7Networks_RH_Cont_PFCl_11,7Networks,RH,Cont_PFCl,11,42.70714173796339,43.225020410609176,16.86470876364833
494,7Networks_RH_Cont_PFCl_12,7Networks,RH,Cont_PFCl,12,31.709453701594455,48.010432541171184,19.608162591462943
495,7Networks_RH_Cont_PFCl_13,7Networks,RH,Cont_PFCl,13,24.76285860260353,53.788735539598775,25.997426528064295
496,7Networks_RH_Cont_PFCl_14,7Networks,RH,Cont_PFCl,14,42.487391595099425,18.25687059063364,26.145483535588596
497,7Networks_RH_Cont_PFCl_15,7Networks,RH,Cont_PFCl,15,47.334563629813324,29.31899329285193,28.57592209083488
498,7Networks_RH_Cont_PFCl_16,7Networks,RH,Cont_PFCl,16,37.91774886474013,10.50588654899461,34.01112671804361
499,7Networks_RH_Cont_PFCl_17,7Networks,RH,Cont_PFCl,17,38.458938148459175,33.401463013479045,39.031348892403415
500,7Networks_RH_Cont_PFCl_18,7Networks,RH,Cont_PFCl,18,46.842692613601685,17.64856412904919,39.05752807292447
501,7Networks_RH_Cont_PFCl_19,7Networks,RH,Cont_PFCl,19,41.58361192908883,11.258779476881031,44.05174694448709
502,7Networks_RH_Cont_PFCl_20,7Networks,RH,Cont_PFCl,20,40.274017850265096,22.200686750242355,50.03383548879914
503,7Networks_RH_Cont_PFCl_21,7Networks,RH,Cont_PFCl,21,40.87600975716367,6.862097975527419,54.881649921076004
504,7Networks_RH_Cont_PFCl_22,7Networks,RH,Cont_PFCl,22,30.64912444834347,15.664487902118537,52.99412196480347
505,7Networks_RH_Cont_PFCl_23,7Networks,RH,Cont_PFCl,23,23.59541303443413,11.844301937619832,50.77670115232468
506,7Networks_RH_Cont_PFCl_24,7Networks,RH,Cont_PFCl,24,23.622520464959862,8.809354350588478,63.553143375895814
507,7Networks_RH_Cont_PFCl_25,7Networks,RH,Cont_PFCl,25,14.179077366829688,15.380499511814804,64.47609628753582
508,7Networks_RH_Cont_pCun_1,7Networks,RH,Cont_pCun,1,13.387598328269576,-72.14509507170693,39.34124500864962
509,7Networks_RH_Cont_pCun_2,7Networks,RH,Cont_pCun,2,4.498267339525427,-71.40902480770141,47.92778525945789
510,7Networks_RH_Cont_Cing_1,7Networks,RH,Cont_Cing,1,7.301356416287618,-37.68166765598235,24.530045785331794
511,7Networks_RH_Cont_Cing_2,7Networks,RH,Cont_Cing,2,5.4215836288505415,-23.449157472346954,28.907922821844878
512,7Networks_RH_Cont_Cing_3,7Networks,RH,Cont_Cing,3,5.393250259037103,3.971630062698651,29.103508593033197
513,7Networks_RH_Cont_Cing_4,7Networks,RH,Cont_Cing,4,5.731172051280737,-9.80242303870618,30.96489791255445
514,7Networks_RH_Cont_PFCmp_1,7Networks,RH,Cont_PFCmp,1,7.354962556067946,35.38735904990483,24.46808100191643
515,7Networks_RH_Cont_PFCmp_2,7Networks,RH,Cont_PFCmp,2,4.905902578350194,37.2802600965519,47.28374311104075
516,7Networks_RH_Cont_PFCmp_3,7Networks,RH,Cont_PFCmp,3,5.360063809672738,24.347687817913936,48.072488044502975
517,7Networks_RH_Default_Par_1,7Networks,RH,Default_Par,1,57.627882284799014,-47.07611833241853,12.588989220108047
518,7Networks_RH_Default_Par_2,7Networks,RH,Default_Par,2,50.729578302290875,-50.48773801847732,18.441700815734336
519,7Networks_RH_Default_Par_3,7Networks,RH,Default_Par,3,54.54909634374398,-43.80666830338911,22.716409765054465
520,7Networks_RH_Default_Par_4,7Networks,RH,Default_Par,4,47.46142123783991,-58.685084398124324,25.319257671327392
521,7Networks_RH_Default_Par_5,7Networks,RH,Default_Par,5,55.426330327765264,-53.293534949132756,27.697871397001975
522,7Networks_RH_Default_Par_6,7Networks,RH,Default_Par,6,49.03750520911628,-68.94341009637687,31.714761088907196
523,7Networks_RH_Default_Par_7,7Networks,RH,Default_Par,7,50.30250702654518,-62.10388000217257,37.253870351682636
524,7Networks_RH_Default_Par_8,7Networks,RH,Default_Par,8,56.394486291372495,-51.82313728418234,42.231375622109766
525,7Networks_RH_Default_Temp_1,7Networks,RH,Default_Temp,1,48.434692381001206,8.669829605161254,-33.4635489255582
526,7Networks_RH_Default_Temp_2,7Networks,RH,Default_Temp,2,57.914870141445256,-7.639193092163524,-27.660610236782627
527,7Networks_RH_Default_Temp_3,7Networks,RH,Default_Temp,3,51.59405434561126,7.973851889284205,-20.431352737940408
528,7Networks_RH_Default_Temp_4,7Networks,RH,Default_Temp,4,59.10728157669617,-5.310656188848583,-16.752785071040023
529,7Networks_RH_Default_Temp_5,7Networks,RH,Default_Temp,5,65.4980839240229,-24.309530176072563,-15.793350009144703
530,7Networks_RH_Default_Temp_6,7Networks,RH,Default_Temp,6,54.261014926241856,-2.345139160294792,-11.221774287685228
531,7Networks_RH_Default_Temp_7,7Networks,RH,Default_Temp,7,63.80030561690114,-23.45518315923654,-7.158236860210778
532,7Networks_RH_Default_Temp_8,7Networks,RH,Default_Temp,8,50.3291273068806,-17.085885055024512,-11.049481268379502
533,7Networks_RH_Default_Temp_9,7Networks,RH,Default_Temp,9,49.56220963509299,-25.38033977819709,-4.5644240493732156
534,7Networks_RH_Default_Temp_10,7Networks,RH,Default_Temp,10,63.212990286685525,-36.798760271668435,-0.1365442816913145
535,7Networks_RH_Default_Temp_11,7Networks,RH,Default_Temp,11,50.58424529888752,-35.633492225814955,2.8882674375040978
536,7Networks_RH_Default_PFCv_1,7Networks,RH,Default_PFCv,1,29.601275378239478,19.180893811840747,-19.613574462077978
537,7Networks_RH_Default_PFCv_2,7Networks,RH,Default_PFCv,2,34.60667779790533,37.283369043395254,-12.539258751276527
538,7Networks_RH_Default_PFCv_3,7Networks,RH,Default_PFCv,3,39.56125784973164,25.666295106177316,-15.831980899658422
539,7Networks_RH_Default_PFCv_4,7Networks,RH,Default_PFCv,4,46.75219522627996,31.812549765741707,-10.805158342720446
540,7Networks_RH_Default_PFCv_5,7Networks,RH,Default_PFCv,5,49.906798209794566,31.508766945267737,-2.487918397520289
541,7Networks_RH_Default_PFCv_6,7Networks,RH,Default_PFCv,6,53.31053249279658,23.297826765100154,6.22476077487071
542,7Networks_RH_Default_PFCdPFCm_1,7Networks,RH,Default_PFCdPFCm,1,4.3942450495008245,27.77745423633867,-11.205068900114355
543,7Networks_RH_Default_PFCdPFCm_2,7Networks,RH,Default_PFCdPFCm,2,5.6027367005776085,46.548364196658326,-11.032119312363626
544,7Networks_RH_Default_PFCdPFCm_3,7Networks,RH,Default_PFCdPFCm,3,8.097484037546181,52.5878716923651,-1.4617860719029352
545,7Networks_RH_Default_PFCdPFCm_4,7Networks,RH,Default_PFCdPFCm,4,6.165303609613687,38.77481939071373,-1.6483788570042108
546,7Networks_RH_Default_PFCdPFCm_5,7Networks,RH,Default_PFCdPFCm,5,7.700256971179414,66.54870106241091,3.5202043121734476
547,7Networks_RH_Default_PFCdPFCm_6,7Networks,RH,Default_PFCdPFCm,6,7.626453021199268,55.78456120284727,10.943960181266455
548,7Networks_RH_Default_PFCdPFCm_7,7Networks,RH,Default_PFCdPFCm,7,9.203851487976593,42.59280561891647,9.553822206469917
549,7Networks_RH_Default_PFCdPFCm_8,7Networks,RH,Default_PFCdPFCm,8,17.356297747828535,65.62056667863195,14.95556887021359
550,7Networks_RH_Default_PFCdPFCm_9,7Networks,RH,Default_PFCdPFCm,9,5.963534034905024,30.51379021035973,12.219372773135547
551,7Networks_RH_Default_PFCdPFCm_10,7Networks,RH,Default_PFCdPFCm,10,6.429756265609186,61.01594232232807,27.969777314329235
552,7Networks_RH_Default_PFCdPFCm_11,7Networks,RH,Default_PFCdPFCm,11,5.56392011351663,48.1838611472609,29.924878902341717
553,7Networks_RH_Default_PFCdPFCm_12,7Networks,RH,Default_PFCdPFCm,12,15.82548093219188,53.97898367982191,34.044320463113905
554,7Networks_RH_Default_PFCdPFCm_13,7Networks,RH,Default_PFCdPFCm,13,24.323926716743813,37.40369470422938,34.22588149569657
555,7Networks_RH_Default_PFCdPFCm_14,7Networks,RH,Default_PFCdPFCm,14,9.318440553524667,49.73416697046588,46.08511561749236
556,7Networks_RH_Default_PFCdPFCm_15,7Networks,RH,Default_PFCdPFCm,15,22.20874943363522,41.24955096067457,44.28174012731357
557,7Networks_RH_Default_PFCdPFCm_16,7Networks,RH,Default_PFCdPFCm,16,29.229189733539386,29.728845451045885,42.30130120378044
558,7Networks_RH_Default_PFCdPFCm_17,7Networks,RH,Default_PFCdPFCm,17,14.683526121902602,37.06683513556297,52.86693230974487
559,7Networks_RH_Default_PFCdPFCm_18,7Networks,RH,Default_PFCdPFCm,18,23.69289645564514,24.721518779177742,53.846766561617684
560,7Networks_RH_Default_PFCdPFCm_19,7Networks,RH,Default_PFCdPFCm,19,10.107186886871702,25.817715036875626,60.591242763915375
561,7Networks_RH_Default_pCunPCC_1,7Networks,RH,Default_pCunPCC,1,10.217670984011846,-50.804184360474,9.792065374531028
562,7Networks_RH_Default_pCunPCC_2,7Networks,RH,Default_pCunPCC,2,7.259890690963303,-45.89253740364479,15.51031140289787
563,7Networks_RH_Default_pCunPCC_3,7Networks,RH,Default_pCunPCC,3,14.501944001145688,-57.53262262640574,19.65059589430207
564,7Networks_RH_Default_pCunPCC_4,7Networks,RH,Default_pCunPCC,4,5.228515181360365,-52.47668820247054,20.772761486871516
565,7Networks_RH_Default_pCunPCC_5,7Networks,RH,Default_pCunPCC,5,5.01311437632792,-44.90567360149743,28.57314227282619
566,7Networks_RH_Default_pCunPCC_6,7Networks,RH,Default_pCunPCC,6,5.078271759758621,-62.25114046793544,27.692091882454633
567,7Networks_RH_Default_pCunPCC_7,7Networks,RH,Default_pCunPCC,7,10.79736863628581,-49.41363573750412,29.307277443439318
568,7Networks_RH_Default_pCunPCC_8,7Networks,RH,Default_pCunPCC,8,5.470141810294919,-36.99418435217713,34.084382734972465
569,7Networks_RH_Default_pCunPCC_9,7Networks,RH,Default_pCunPCC,9,3.6695728901773776,-23.72015658997391,37.236716944273354
570,7Networks_RH_Default_pCunPCC_10,7Networks,RH,Default_pCunPCC,10,4.125976464004964,-67.36183557659388,36.02511193148874
571,7Networks_RH_Default_pCunPCC_11,7Networks,RH,Default_pCunPCC,11,8.94705049982349,-54.811398489499936,35.334418697646385
572,7Networks_RH_Default_pCunPCC_12,7Networks,RH,Default_pCunPCC,12,9.981995911826544,-43.69421859241003,38.11650458886791
573,7Networks_RH_Default_pCunPCC_13,7Networks,RH,Default_pCunPCC,13,8.224094598577366,-49.76169968158938,44.251382801379066
574,7Networks_RH_Default_pCunPCC_14,7Networks,RH,Default_pCunPCC,14,6.626738357109332,-61.43118558281826,44.78670273959223
