Node1,Node2
1,276
1,280
1,297
1,307
1,326
1,327
1,334
1,343
1,353
1,354
1,372
1,375
1,389
1,392
1,393
1,395
1,397
1,398
1,399
1,403
1,404
1,405
1,406
1,414
1,418
1,421
1,422
1,423
1,442
1,446
1,460
1,465
1,471
1,474
1,478
1,479
1,481
1,488
1,490
1,500
1,503
1,504
1,507
1,520
1,530
1,549
1,551
1,552
1,563
1,566
1,571
1,573
1,574
3,247
3,276
3,307
3,311
3,313
3,317
3,322
3,329
3,340
3,353
3,354
3,357
3,360
3,367
3,372
3,381
3,386
3,390
3,392
3,393
3,395
3,396
3,398
3,400
3,404
3,406
3,409
3,410
3,414
3,417
3,420
3,421
3,423
3,424
3,426
3,427
3,432
3,444
3,445
3,446
3,448
3,454
3,462
3,465
3,467
3,470
3,473
3,474
3,478
3,479
3,481
3,488
3,489
3,496
3,499
3,508
3,509
3,512
3,518
3,519
3,520
3,535
3,537
3,541
3,547
3,548
3,552
3,553
3,555
3,568
3,569
3,570
4,344
5,243
5,304
5,310
5,322
5,329
5,334
5,357
5,396
5,401
5,403
5,406
5,414
5,418
5,423
5,430
5,463
5,467
5,471
5,472
5,474
5,479
5,491
5,493
5,520
5,535
5,541
5,549
5,566
8,280
8,317
8,322
8,355
8,359
8,364
8,366
8,382
8,384
8,385
8,392
8,393
8,395
8,396
8,398
8,404
8,410
8,416
8,417
8,419
8,421
8,422
8,442
8,465
8,471
8,473
8,474
8,475
8,476
8,478
8,479
8,488
8,492
8,507
8,508
8,519
8,520
8,549
8,551
8,559
8,570
8,572
10,272
10,277
10,299
10,334
10,356
10,364
10,367
10,372
10,389
10,391
10,393
10,400
10,403
10,404
10,417
10,419
10,420
10,421
10,427
10,432
10,433
10,446
10,450
10,455
10,465
10,472
10,474
10,476
10,491
10,499
10,507
10,510
10,514
10,519
10,540
10,541
10,551
10,565
10,566
10,571
10,573
10,574
11,247
11,276
11,313
11,321
11,348
11,361
11,365
11,369
11,370
11,378
11,381
11,382
11,391
11,392
11,393
11,394
11,395
11,397
11,400
11,403
11,404
11,410
11,414
11,416
11,417
11,418
11,422
11,427
11,428
11,467
11,474
11,475
11,476
11,478
11,481
11,488
11,491
11,507
11,518
11,533
11,535
11,541
11,548
11,549
11,552
13,313
13,375
13,378
13,395
13,405
13,421
13,491
13,492
13,519
13,547
13,574
14,370
14,375
14,392
14,393
14,427
14,539
14,572
15,307
15,313
15,366
15,370
15,390
15,391
15,392
15,404
15,410
15,418
15,427
15,446
15,466
15,467
15,478
15,508
15,535
15,552
15,566
15,572
15,574
17,392
17,414
17,416
17,420
17,466
17,519
17,542
19,366
19,367
19,372
19,374
19,392
19,393
19,417
19,418
19,421
19,479
19,535
20,381
20,389
20,417
20,418
20,420
20,430
20,446
20,471
20,476
20,478
20,481
20,488
20,491
20,503
20,508
20,547
20,566
22,375
22,420
22,491
22,508
22,520
22,521
22,528
22,545
23,566
24,249
24,313
24,322
24,341
24,343
24,353
24,386
24,393
24,404
24,418
24,420
24,442
24,446
24,476
24,493
24,535
24,543
24,553
24,569
25,311
25,313
25,354
25,390
25,393
25,399
25,417
25,418
25,471
25,476
25,503
25,508
25,548
25,570
26,356
26,392
26,393
26,405
26,420
26,508
26,548
28,197
28,370
28,373
28,386
28,391
28,404
28,416
28,425
28,479
28,492
28,527
28,540
29,272
29,276
29,280
29,283
29,291
29,303
29,322
29,331
29,334
29,344
29,352
29,357
29,358
29,361
29,363
29,372
29,373
29,375
29,381
29,386
29,391
29,392
29,393
29,394
29,395
29,396
29,397
29,398
29,404
29,405
29,409
29,418
29,419
29,420
29,423
29,424
29,428
29,432
29,433
29,434
29,437
29,448
29,450
29,465
29,472
29,474
29,476
29,481
29,490
29,491
29,493
29,495
29,500
29,503
29,507
29,508
29,520
29,522
29,526
29,530
29,535
29,536
29,537
29,539
29,541
29,543
29,547
29,548
29,550
29,558
29,559
29,566
29,569
29,570
29,571
29,574
30,306
30,322
30,331
30,333
30,362
30,370
30,386
30,389
30,392
30,393
30,400
30,403
30,404
30,413
30,417
30,418
30,419
30,421
30,422
30,447
30,451
30,453
30,467
30,474
30,476
30,478
30,479
30,481
30,500
30,508
30,515
30,516
30,519
30,522
30,535
30,540
30,547
30,568
30,572
30,574
31,370
31,392
31,405
31,414
31,420
31,421
31,423
31,498
31,508
31,548
31,552
31,566
31,570
32,306
32,307
32,390
32,393
32,395
32,396
32,398
32,416
32,418
32,541
33,237
33,362
33,371
33,392
33,397
33,414
33,438
33,467
33,475
33,478
33,500
33,535
33,541
33,574
34,404
34,405
34,416
34,417
34,471
34,478
34,479
34,485
34,509
34,551
34,566
35,474
35,551
36,428
36,491
37,370
37,386
37,390
37,392
37,405
37,406
37,414
37,421
37,423
37,427
37,472
37,474
37,479
37,520
39,306
39,317
39,364
39,370
39,393
39,396
39,402
39,404
39,414
39,416
39,417
39,422
39,423
39,427
39,432
39,497
39,503
39,514
39,570
39,571
39,574
40,392
40,395
40,405
41,472
41,514
42,313
42,326
42,369
42,395
42,397
42,404
42,405
42,417
42,446
42,473
42,474
42,481
42,492
42,496
42,508
42,533
42,541
42,547
42,564
42,570
43,307
43,313
43,356
43,357
43,389
43,391
43,392
43,398
43,405
43,411
43,413
43,423
43,446
43,447
43,467
43,478
43,518
43,519
43,533
43,541
43,571
43,574
44,403
44,404
44,413
44,520
44,570
45,313
45,327
45,396
45,552
45,570
46,197
46,298
46,385
46,392
46,395
46,398
46,405
46,414
46,416
46,418
46,491
46,519
46,535
46,540
46,547
46,548
47,331
47,390
47,410
47,416
47,420
47,425
47,460
47,476
47,547
48,276
48,302
48,357
48,363
48,390
48,391
48,402
48,403
48,404
48,405
48,408
48,417
48,418
48,423
48,430
48,442
48,445
48,476
48,491
48,492
48,508
48,514
48,541
48,566
49,252
49,348
49,355
49,403
49,420
49,433
49,450
49,472
49,479
49,491
49,508
49,553
49,574
50,339
50,353
50,357
50,375
50,386
50,392
50,395
50,405
50,423
50,473
50,479
50,488
50,508
51,381
51,478
51,519
52,306
52,313
52,326
52,329
52,343
52,360
52,364
52,373
52,375
52,385
52,392
52,393
52,395
52,396
52,405
52,416
52,421
52,422
52,423
52,457
52,465
52,472
52,473
52,474
52,476
52,479
52,488
52,491
52,500
52,514
52,520
52,537
52,566
52,570
52,571
53,306
53,331
53,364
53,385
53,391
53,393
53,396
53,403
53,404
53,405
53,416
53,418
53,427
53,446
53,472
53,476
53,479
53,503
53,508
53,519
53,535
54,393
54,465
54,475
55,329
55,356
55,396
55,404
55,406
55,422
55,476
55,491
55,552
55,566
55,574
56,362
56,364
56,372
56,427
56,446
56,478
56,508
56,510
56,518
56,545
56,553
58,230
58,283
58,311
58,359
58,375
58,384
58,389
58,392
58,404
58,405
58,417
58,422
58,474
58,476
58,499
58,513
58,535
58,538
58,548
58,552
58,574
60,306
60,327
60,395
60,422
60,478
60,479
60,492
60,535
60,541
60,569
60,570
61,499
61,508
62,331
62,347
62,360
62,365
62,386
62,391
62,520
62,546
62,547
62,552
62,570
63,375
63,391
63,446
63,478
63,492
63,522
63,569
64,439
64,508
64,519
64,548
64,558
65,285
65,311
65,395
65,405
65,481
65,508
65,570
66,398
66,418
66,421
66,428
66,481
66,547
66,552
67,322
67,357
67,367
67,374
67,384
67,390
67,392
67,396
67,416
67,430
67,439
67,466
67,475
67,535
67,566
67,572
67,574
68,315
68,322
68,341
68,357
68,386
68,392
68,394
68,395
68,399
68,404
68,416
68,422
68,428
68,467
68,475
68,478
68,518
68,549
70,471
71,303
71,311
71,326
71,347
71,372
71,381
71,386
71,395
71,397
71,417
71,418
71,419
71,433
71,439
71,471
71,472
71,475
71,491
71,492
71,498
71,508
71,522
71,527
71,541
71,551
71,559
71,570
71,574
72,353
72,360
72,386
72,392
72,404
72,419
72,423
72,427
72,430
72,433
72,467
72,491
72,508
72,509
72,518
72,519
72,520
72,522
72,533
72,541
72,549
73,364
73,372
73,386
73,391
73,397
73,403
73,413
73,416
73,418
73,424
73,427
73,474
73,514
73,519
73,527
73,528
73,539
73,548
73,574
74,329
74,344
74,358
74,362
74,373
74,385
74,395
74,398
74,404
74,406
74,416
74,420
74,423
74,445
74,446
74,479
74,535
75,235
75,286
75,291
75,306
75,334
75,340
75,341
75,359
75,363
75,367
75,368
75,372
75,374
75,390
75,391
75,392
75,393
75,398
75,399
75,400
75,402
75,403
75,404
75,405
75,408
75,416
75,417
75,419
75,422
75,423
75,427
75,430
75,433
75,437
75,446
75,472
75,474
75,475
75,478
75,491
75,492
75,493
75,500
75,508
75,509
75,519
75,522
75,532
75,535
75,541
75,543
75,547
75,549
75,568
75,570
75,571
75,574
76,230
76,329
76,385
76,386
76,396
76,403
76,404
76,405
76,422
76,432
76,434
76,468
76,474
76,476
76,479
76,491
76,510
76,518
76,519
76,520
76,535
76,574
77,326
77,372
77,392
77,395
77,398
77,423
77,447
77,509
77,549
77,570
78,298
78,310
78,313
78,372
78,386
78,403
78,404
78,414
78,416
78,419
78,422
78,423
78,465
78,467
78,476
78,478
78,508
78,552
78,566
78,570
79,282
79,288
79,307
79,313
79,323
79,327
79,358
79,370
79,375
79,390
79,396
79,399
79,405
79,406
79,417
79,419
79,422
79,467
79,473
79,474
79,475
79,478
79,488
79,490
79,491
79,518
79,521
79,535
79,541
79,545
79,548
79,551
79,566
79,570
79,574
80,216
80,335
80,349
80,360
80,362
80,374
80,391
80,393
80,397
80,398
80,430
80,433
80,442
80,446
80,463
80,470
80,471
80,472
80,473
80,476
80,478
80,479
80,481
80,491
80,492
80,508
80,509
80,519
80,520
80,574
81,303
81,327
81,357
81,363
81,366
81,372
81,390
81,391
81,395
81,397
81,398
81,413
81,414
81,416
81,417
81,420
81,421
81,433
81,437
81,442
81,476
81,488
81,492
81,499
81,507
81,508
81,518
81,521
81,533
81,566
82,294
82,394
82,395
82,414
82,416
82,417
82,423
82,564
82,574
83,238
83,334
83,367
83,385
83,386
83,390
83,395
83,403
83,417
83,419
83,421
83,446
83,466
83,467
83,475
83,478
83,479
83,492
83,520
83,547
83,566
83,571
83,574
84,237
84,277
84,283
84,291
84,297
84,300
84,302
84,313
84,322
84,323
84,326
84,329
84,331
84,337
84,341
84,358
84,360
84,361
84,362
84,363
84,365
84,366
84,370
84,373
84,374
84,382
84,385
84,389
84,391
84,392
84,395
84,396
84,398
84,399
84,403
84,406
84,413
84,414
84,416
84,417
84,418
84,419
84,421
84,422
84,430
84,435
84,448
84,451
84,462
84,463
84,465
84,467
84,471
84,472
84,474
84,476
84,478
84,479
84,481
84,491
84,492
84,497
84,498
84,504
84,508
84,510
84,511
84,514
84,515
84,518
84,519
84,520
84,531
84,535
84,536
84,539
84,540
84,541
84,548
84,552
84,559
84,560
84,563
84,565
84,566
84,572
84,574
85,250
85,329
85,330
85,338
85,344
85,352
85,357
85,370
85,395
85,405
85,416
85,419
85,421
85,422
85,423
85,435
85,439
85,472
85,473
85,479
85,492
85,508
85,519
85,535
85,537
85,540
85,541
85,552
86,182
86,276
86,280
86,308
86,322
86,357
86,372
86,377
86,390
86,395
86,402
86,404
86,409
86,411
86,418
86,424
86,428
86,447
86,467
86,473
86,507
86,519
86,520
86,535
86,552
86,570
87,283
87,304
87,356
87,369
87,395
87,398
87,404
87,414
87,422
87,481
87,503
87,535
87,548
87,574
88,417
88,420
88,425
88,427
88,465
88,548
88,569
88,574
89,310
89,323
89,357
89,360
89,361
89,385
89,405
89,414
89,422
89,427
89,430
89,535
89,541
89,563
89,566
89,569
89,570
92,483
93,476
93,574
94,306
94,338
94,347
94,386
94,395
94,397
94,399
94,400
94,414
94,416
94,417
94,420
94,427
94,435
94,439
94,467
94,472
94,473
94,474
94,476
94,478
94,479
94,503
94,507
94,508
94,518
94,519
94,533
94,541
94,565
94,570
94,571
94,574
95,185
95,250
95,261
95,303
95,304
95,306
95,307
95,310
95,313
95,322
95,327
95,329
95,337
95,340
95,348
95,357
95,359
95,361
95,363
95,364
95,365
95,366
95,370
95,373
95,375
95,376
95,381
95,386
95,390
95,391
95,393
95,395
95,396
95,398
95,400
95,402
95,403
95,405
95,414
95,416
95,417
95,420
95,421
95,422
95,423
95,425
95,427
95,430
95,432
95,433
95,442
95,445
95,446
95,447
95,462
95,464
95,465
95,466
95,467
95,471
95,472
95,473
95,474
95,476
95,479
95,491
95,492
95,496
95,497
95,498
95,502
95,503
95,507
95,508
95,509
95,510
95,514
95,519
95,520
95,533
95,536
95,540
95,541
95,546
95,547
95,548
95,549
95,553
95,555
95,559
95,560
95,561
95,563
95,566
95,568
95,570
95,571
95,572
95,574
96,235
96,239
96,291
96,306
96,311
96,313
96,322
96,323
96,327
96,338
96,348
96,357
96,366
96,375
96,384
96,391
96,392
96,393
96,396
96,397
96,398
96,400
96,401
96,403
96,404
96,405
96,411
96,414
96,416
96,417
96,421
96,426
96,427
96,433
96,435
96,439
96,446
96,462
96,470
96,472
96,473
96,474
96,475
96,476
96,478
96,479
96,483
96,488
96,500
96,508
96,518
96,521
96,535
96,540
96,541
96,547
96,549
96,566
96,570
96,574
97,250
97,298
97,310
97,319
97,333
97,341
97,347
97,353
97,354
97,361
97,372
97,373
97,375
97,381
97,384
97,389
97,392
97,398
97,400
97,405
97,406
97,416
97,417
97,421
97,424
97,427
97,428
97,430
97,433
97,445
97,467
97,471
97,479
97,488
97,493
97,500
97,503
97,507
97,514
97,518
97,519
97,520
97,537
97,540
97,541
97,547
97,552
98,391
98,396
98,398
98,405
98,417
98,422
98,423
98,463
98,467
98,474
98,476
98,479
98,508
98,541
98,547
98,568
98,570
99,241
99,275
99,277
99,291
99,302
99,306
99,307
99,308
99,313
99,322
99,326
99,327
99,329
99,334
99,340
99,348
99,353
99,355
99,356
99,357
99,360
99,364
99,372
99,373
99,381
99,382
99,386
99,389
99,390
99,391
99,392
99,393
99,394
99,395
99,397
99,398
99,399
99,400
99,402
99,403
99,404
99,405
99,408
99,413
99,414
99,416
99,417
99,418
99,419
99,420
99,421
99,422
99,424
99,425
99,438
99,439
99,446
99,447
99,448
99,463
99,465
99,467
99,473
99,474
99,476
99,478
99,479
99,488
99,491
99,492
99,496
99,500
99,503
99,507
99,508
99,516
99,520
99,522
99,533
99,540
99,541
99,547
99,548
99,550
99,551
99,564
99,569
99,570
99,573
99,574
100,297
100,344
100,349
100,357
100,361
100,392
100,403
100,414
100,417
100,419
100,421
100,467
100,520
100,532
100,537
100,541
100,566
100,574
101,334
101,347
101,355
101,364
101,373
101,389
101,395
101,406
101,414
101,417
101,420
101,430
101,435
101,473
101,479
101,491
101,500
101,514
101,530
101,547
101,551
101,559
101,570
101,574
102,390
102,417
102,444
102,446
102,462
102,467
102,492
102,570
103,199
103,263
103,288
103,303
103,321
103,356
103,385
103,390
103,391
103,392
103,397
103,400
103,405
103,409
103,414
103,416
103,417
103,418
103,423
103,432
103,433
103,434
103,442
103,453
103,465
103,467
103,478
103,488
103,490
103,503
103,504
103,508
103,518
103,519
103,521
103,540
103,564
104,310
104,340
104,375
104,391
104,395
104,396
104,404
104,416
104,417
104,471
104,472
104,476
104,520
104,535
105,243
105,283
105,292
105,310
105,313
105,329
105,330
105,337
105,345
105,360
105,369
105,370
105,375
105,385
105,386
105,389
105,392
105,395
105,396
105,397
105,403
105,404
105,405
105,414
105,416
105,421
105,423
105,439
105,465
105,467
105,474
105,476
105,481
105,488
105,492
105,496
105,497
105,500
105,509
105,514
105,518
105,519
105,520
105,522
105,533
105,535
105,537
105,541
105,547
105,548
105,555
105,566
105,570
105,571
105,574
106,235
106,306
106,334
106,356
106,385
106,391
106,399
106,418
106,420
106,421
106,430
106,478
106,518
106,574
107,304
107,354
107,367
107,369
107,390
107,396
107,398
107,400
107,404
107,418
107,420
107,424
107,425
107,433
107,472
107,473
107,478
107,479
107,503
107,514
107,519
107,540
107,567
107,569
107,574
108,193
108,197
108,247
108,291
108,297
108,299
108,306
108,307
108,310
108,322
108,325
108,326
108,329
108,331
108,337
108,340
108,341
108,345
108,349
108,357
108,359
108,361
108,367
108,370
108,372
108,374
108,375
108,386
108,390
108,391
108,392
108,396
108,397
108,398
108,399
108,403
108,404
108,405
108,413
108,417
108,420
108,421
108,422
108,423
108,424
108,427
108,428
108,433
108,443
108,444
108,447
108,448
108,450
108,460
108,462
108,465
108,466
108,467
108,468
108,469
108,471
108,473
108,474
108,476
108,478
108,481
108,482
108,488
108,490
108,491
108,492
108,497
108,498
108,504
108,505
108,507
108,508
108,511
108,514
108,518
108,519
108,520
108,521
108,528
108,537
108,541
108,542
108,547
108,548
108,549
108,552
108,553
108,555
108,558
108,559
108,560
108,566
108,567
108,571
108,574
109,370
109,384
109,392
109,398
109,400
109,403
109,404
109,416
109,433
109,478
109,518
109,526
110,235
110,252
110,278
110,304
110,310
110,313
110,322
110,323
110,335
110,336
110,344
110,353
110,356
110,357
110,359
110,361
110,363
110,370
110,384
110,385
110,386
110,390
110,392
110,395
110,396
110,398
110,404
110,417
110,418
110,419
110,420
110,421
110,422
110,423
110,427
110,430
110,432
110,464
110,468
110,471
110,472
110,473
110,474
110,478
110,481
110,491
110,492
110,493
110,496
110,503
110,504
110,508
110,518
110,519
110,521
110,522
110,535
110,540
110,546
110,553
110,558
110,566
110,570
110,571
110,573
110,574
111,282
111,306
111,313
111,322
111,327
111,355
111,361
111,364
111,365
111,370
111,371
111,372
111,390
111,392
111,393
111,395
111,398
111,399
111,400
111,403
111,404
111,405
111,414
111,417
111,418
111,419
111,427
111,430
111,442
111,446
111,473
111,474
111,475
111,478
111,507
111,508
111,514
111,519
111,520
111,547
111,548
111,552
111,566
111,570
111,571
111,574
112,306
112,311
112,313
112,322
112,347
112,356
112,357
112,360
112,367
112,384
112,389
112,392
112,395
112,400
112,403
112,406
112,414
112,417
112,418
112,420
112,421
112,422
112,424
112,430
112,433
112,441
112,446
112,463
112,466
112,467
112,474
112,476
112,488
112,491
112,503
112,508
112,514
112,517
112,519
112,520
112,521
112,522
112,528
112,533
112,535
112,536
112,541
112,547
112,565
112,566
112,569
112,571
112,574
113,323
113,327
113,375
113,386
113,389
113,393
113,397
113,398
113,405
113,414
113,416
113,418
113,420
113,421
113,428
113,430
113,433
113,446
113,462
113,465
113,466
113,474
113,475
113,491
113,496
113,508
113,519
113,533
113,535
113,539
113,553
113,571
114,279
114,285
114,304
114,327
114,340
114,344
114,361
114,363
114,395
114,398
114,399
114,403
114,405
114,406
114,420
114,422
114,423
114,427
114,467
114,472
114,474
114,476
114,479
114,492
114,500
114,508
114,514
114,518
114,519
114,521
114,535
114,541
114,552
114,566
114,570
114,571
115,305
115,313
115,329
115,370
115,386
115,390
115,392
115,393
115,395
115,396
115,400
115,402
115,404
115,409
115,417
115,422
115,426
115,427
115,433
115,473
115,474
115,479
115,481
115,488
115,490
115,492
115,493
115,508
115,514
115,521
115,535
115,541
115,542
115,546
115,566
115,570
115,572
117,331
117,404
117,442
117,473
118,246
118,304
118,348
118,357
118,363
118,386
118,397
118,400
118,402
118,418
118,427
118,472
118,476
118,478
118,491
118,508
118,514
118,521
118,541
118,547
118,552
118,566
118,567
118,570
118,574
119,371
119,384
119,386
119,388
119,404
119,416
119,417
119,422
119,429
119,472
119,475
119,518
119,570
120,306
120,353
120,363
120,364
120,373
120,400
120,417
120,433
120,471
120,478
120,488
120,500
120,574
121,327
121,363
121,414
121,508
122,297
122,308
122,326
122,338
122,343
122,353
122,359
122,370
122,372
122,375
122,381
122,384
122,386
122,390
122,391
122,392
122,393
122,394
122,395
122,396
122,403
122,404
122,405
122,406
122,413
122,416
122,418
122,419
122,420
122,421
122,425
122,427
122,430
122,432
122,442
122,447
122,449
122,450
122,454
122,464
122,465
122,467
122,472
122,473
122,476
122,478
122,479
122,480
122,481
122,488
122,491
122,492
122,499
122,501
122,503
122,508
122,518
122,519
122,520
122,522
122,535
122,542
122,549
122,566
122,567
122,569
122,574
123,182
123,185
123,252
123,306
123,313
123,330
123,357
123,360
123,386
123,391
123,395
123,398
123,404
123,414
123,433
123,439
123,446
123,466
123,488
123,491
123,518
123,527
123,546
123,548
123,570
123,571
123,572
124,386
124,398
124,421
124,472
124,491
124,548
124,555
124,570
124,573
125,307
125,308
125,329
125,370
125,398
125,400
125,414
125,416
125,419
125,420
125,428
125,433
125,434
125,438
125,474
125,475
125,476
125,493
125,536
125,542
125,570
125,574
126,276
126,348
126,360
126,366
126,386
126,397
126,405
126,416
126,417
126,418
126,462
126,467
126,474
126,481
126,491
126,497
126,508
126,551
126,571
126,573
126,574
127,385
127,395
127,397
127,418
127,427
127,473
127,476
127,496
127,514
127,535
128,277
128,298
128,353
128,359
128,361
128,362
128,375
128,386
128,390
128,392
128,398
128,403
128,404
128,410
128,417
128,418
128,430
128,433
128,439
128,448
128,452
128,460
128,462
128,466
128,467
128,470
128,471
128,472
128,473
128,479
128,491
128,507
128,508
128,519
128,541
128,547
128,549
128,570
128,572
128,574
129,249
129,313
129,360
129,371
129,390
129,416
129,422
129,430
129,447
129,465
129,476
129,504
129,519
129,535
129,566
130,422
131,306
131,352
131,385
131,393
131,397
131,400
131,420
131,441
131,569
132,547
133,397
133,416
133,420
133,491
134,373
134,395
134,417
134,442
134,467
134,535
134,536
136,467
137,322
137,360
137,391
137,403
138,298
138,313
138,392
138,403
138,416
138,420
138,467
138,474
138,518
138,521
138,533
138,535
138,540
138,549
139,237
139,303
139,311
139,345
139,347
139,360
139,361
139,370
139,389
139,395
139,398
139,405
139,414
139,417
139,423
139,428
139,442
139,474
139,491
139,492
139,508
139,514
139,518
139,519
139,520
139,547
139,553
139,566
139,569
139,570
139,574
140,373
140,391
140,421
140,472
140,507
140,520
140,535
140,566
140,574
142,574
145,334
145,390
145,395
145,406
145,460
145,465
145,478
145,492
145,510
145,520
145,527
145,535
145,547
145,548
146,370
146,386
146,391
146,396
146,399
146,414
146,420
146,422
146,427
146,472
146,478
146,535
146,548
146,552
146,566
146,574
147,323
147,391
147,392
147,396
147,397
147,398
147,399
147,413
147,416
147,418
147,424
147,425
147,445
147,466
147,472
147,479
147,491
147,496
147,508
147,514
147,520
147,560
147,570
147,574
149,364
149,389
149,467
149,566
149,569
149,574
150,416
150,508
150,521
151,277
151,283
151,286
151,291
151,322
151,323
151,329
151,333
151,357
151,358
151,361
151,389
151,391
151,393
151,400
151,414
151,416
151,417
151,422
151,427
151,430
151,433
151,446
151,472
151,479
151,481
151,496
151,514
151,518
151,519
151,520
151,522
151,532
151,547
151,549
151,552
151,570
151,573
153,310
153,322
153,357
153,358
153,359
153,361
153,363
153,373
153,385
153,391
153,392
153,395
153,396
153,397
153,398
153,399
153,403
153,404
153,405
153,416
153,417
153,418
153,419
153,423
153,424
153,427
153,433
153,434
153,439
153,467
153,476
153,478
153,479
153,488
153,498
153,508
153,518
153,527
153,535
153,540
153,547
153,565
153,570
153,573
153,574
154,323
154,327
154,357
154,375
154,386
154,392
154,395
154,398
154,417
154,460
154,472
154,478
154,493
154,508
154,518
154,520
155,299
155,347
155,371
155,375
155,392
155,395
155,398
155,417
155,422
155,437
155,478
155,492
155,493
155,504
155,508
155,519
155,520
155,521
155,522
155,566
156,390
156,403
156,439
156,442
156,460
156,474
156,519
156,535
156,541
156,558
156,566
156,574
157,425
157,507
157,519
158,364
158,549
159,345
159,392
159,422
159,474
159,508
161,473
161,520
162,281
162,364
162,392
162,393
162,397
162,398
162,423
162,470
162,478
162,491
162,497
164,262
164,310
164,344
164,372
164,391
164,395
164,396
164,399
164,403
164,414
164,421
164,422
164,473
164,476
164,478
164,479
164,491
164,514
164,518
164,519
164,538
164,551
164,571
166,337
166,359
166,414
166,418
166,423
166,435
166,474
166,479
166,519
166,535
166,541
166,566
166,570
167,241
167,303
167,347
167,353
167,372
167,399
167,414
167,416
167,417
167,419
167,460
167,467
167,473
167,476
167,478
167,481
167,498
167,519
167,531
167,547
167,552
167,570
167,571
169,313
169,323
169,370
169,381
169,391
169,400
169,413
169,423
169,433
169,439
169,474
169,476
169,478
169,495
169,503
169,518
169,521
169,542
169,549
169,550
169,552
169,570
171,287
171,311
171,334
171,347
171,353
171,355
171,360
171,370
171,389
171,406
171,414
171,416
171,417
171,423
171,428
171,445
171,472
171,491
171,496
171,499
171,500
171,508
171,518
171,546
171,548
171,551
171,566
171,570
171,572
173,323
173,341
173,343
173,360
173,361
173,370
173,382
173,389
173,396
173,398
173,399
173,400
173,404
173,414
173,417
173,425
173,430
173,434
173,449
173,476
173,485
173,491
173,508
173,518
173,535
173,548
173,566
174,430
174,478
175,360
176,386
176,393
176,396
176,416
176,417
176,418
176,421
176,423
176,442
176,454
176,473
176,479
176,519
176,535
176,566
176,569
177,310
177,332
177,367
177,373
177,390
177,391
177,398
177,418
177,434
177,448
177,551
177,552
178,297
178,392
178,395
178,427
179,313
179,347
179,354
179,358
179,360
179,362
179,386
179,392
179,396
179,398
179,404
179,414
179,416
179,417
179,433
179,476
179,478
179,481
179,492
179,518
179,519
179,533
179,540
179,547
179,553
180,307
180,310
180,311
180,323
180,361
180,362
180,396
180,399
180,400
180,403
180,418
180,421
180,423
180,445
180,446
180,447
180,467
180,470
180,474
180,478
180,479
180,498
180,503
180,508
180,514
180,535
180,541
180,547
180,555
180,560
180,566
180,571
180,574
181,225
181,313
181,340
181,356
181,358
181,360
181,362
181,372
181,386
181,389
181,391
181,394
181,396
181,405
181,406
181,416
181,419
181,420
181,421
181,422
181,423
181,430
181,433
181,439
181,447
181,467
181,472
181,476
181,478
181,488
181,491
181,493
181,499
181,502
181,508
181,518
181,519
181,527
181,532
181,535
181,536
181,541
181,547
181,552
181,566
181,573
181,574
182,231
182,235
182,286
182,307
182,310
182,313
182,322
182,323
182,326
182,329
182,334
182,338
182,347
182,352
182,355
182,358
182,360
182,361
182,362
182,373
182,375
182,381
182,382
182,385
182,386
182,389
182,390
182,391
182,392
182,394
182,395
182,396
182,398
182,401
182,405
182,408
182,414
182,416
182,419
182,420
182,421
182,422
182,425
182,427
182,428
182,433
182,435
182,444
182,446
182,456
182,460
182,465
182,468
182,472
182,473
182,474
182,475
182,476
182,478
182,479
182,481
182,488
182,496
182,499
182,503
182,506
182,507
182,508
182,514
182,515
182,519
182,520
182,522
182,532
182,533
182,535
182,536
182,541
182,543
182,545
182,546
182,548
182,551
182,552
182,560
182,561
182,564
182,566
182,570
182,571
182,574
183,185
183,246
183,249
183,286
183,303
183,307
183,329
183,359
183,372
183,373
183,375
183,384
183,385
183,386
183,392
183,398
183,404
183,405
183,414
183,416
183,417
183,419
183,420
183,423
183,426
183,427
183,428
183,430
183,433
183,442
183,451
183,460
183,471
183,472
183,473
183,474
183,476
183,478
183,479
183,491
183,498
183,501
183,507
183,508
183,514
183,518
183,533
183,535
183,539
183,541
183,547
183,570
183,571
183,574
184,364
184,367
184,381
184,392
184,393
184,399
184,403
184,404
184,405
184,417
184,419
184,428
184,447
184,463
184,465
184,471
184,474
184,476
184,491
184,508
184,514
184,520
184,521
184,522
184,547
184,552
184,555
184,570
185,241
185,277
185,300
185,302
185,306
185,307
185,321
185,322
185,327
185,331
185,334
185,335
185,337
185,341
185,343
185,344
185,347
185,356
185,357
185,358
185,359
185,360
185,365
185,368
185,373
185,377
185,382
185,384
185,386
185,389
185,390
185,391
185,392
185,393
185,394
185,395
185,396
185,399
185,404
185,405
185,410
185,413
185,416
185,419
185,420
185,421
185,422
185,423
185,425
185,427
185,430
185,433
185,439
185,444
185,447
185,452
185,460
185,463
185,464
185,465
185,467
185,471
185,473
185,474
185,476
185,479
185,481
185,483
185,490
185,491
185,493
185,497
185,498
185,500
185,507
185,508
185,509
185,511
185,514
185,518
185,519
185,520
185,521
185,527
185,535
185,541
185,545
185,547
185,566
185,570
185,571
185,573
185,574
186,306
186,347
186,355
186,368
186,392
186,403
186,406
186,409
186,418
186,422
186,474
186,476
186,479
186,485
186,508
186,519
186,520
186,535
186,556
186,566
186,574
187,331
187,364
187,403
187,416
187,492
188,423
188,566
189,371
189,416
189,507
190,313
190,360
190,363
190,384
190,406
190,417
190,420
190,423
190,428
190,433
190,465
190,472
190,503
190,541
190,547
190,548
190,571
190,574
191,246
191,307
191,313
191,322
191,340
191,347
191,362
191,372
191,374
191,375
191,381
191,384
191,385
191,389
191,391
191,392
191,397
191,405
191,406
191,408
191,414
191,416
191,417
191,420
191,422
191,423
191,427
191,428
191,464
191,467
191,471
191,475
191,476
191,479
191,481
191,491
191,498
191,500
191,503
191,508
191,509
191,514
191,520
191,526
191,535
191,542
191,547
191,551
191,566
191,569
191,570
191,574
192,252
192,283
192,313
192,319
192,352
192,372
192,386
192,396
192,405
192,417
192,418
192,421
192,423
192,426
192,433
192,467
192,473
192,474
192,478
192,514
192,553
192,571
193,271
193,302
193,308
193,330
193,340
193,364
193,375
193,389
193,395
193,396
193,403
193,405
193,417
193,418
193,419
193,446
193,465
193,467
193,474
193,476
193,478
193,479
193,488
193,502
193,519
193,540
193,570
194,467
194,521
195,284
195,311
195,366
195,370
195,383
195,385
195,392
195,393
195,398
195,403
195,404
195,405
195,406
195,414
195,416
195,417
195,418
195,427
195,433
195,478
195,479
195,481
195,488
195,491
195,503
195,508
195,542
195,547
195,560
195,566
195,567
195,569
195,570
195,574
196,249
196,283
196,362
196,386
196,391
196,403
196,405
196,418
196,422
196,470
196,474
196,475
196,532
196,564
196,566
196,574
197,239
197,249
197,313
197,331
197,353
197,358
197,359
197,361
197,365
197,373
197,374
197,375
197,384
197,386
197,389
197,391
197,393
197,396
197,398
197,403
197,405
197,414
197,416
197,418
197,420
197,422
197,423
197,425
197,430
197,432
197,433
197,439
197,446
197,448
197,450
197,465
197,467
197,468
197,472
197,474
197,492
197,508
197,509
197,519
197,535
197,541
197,566
198,364
198,497
198,535
199,400
199,474
199,498
199,535
199,541
200,297
200,492
200,508
200,518
201,353
201,360
201,372
201,386
201,389
201,397
201,404
201,405
201,409
201,413
201,418
201,419
201,421
201,427
201,433
201,439
201,448
201,466
201,467
201,472
201,473
201,507
201,548
201,570
201,574
202,359
203,299
203,308
203,345
203,353
203,364
203,386
203,391
203,396
203,400
203,404
203,426
203,430
203,476
203,479
203,491
203,508
203,519
203,570
203,571
205,237
205,249
205,276
205,291
205,299
205,322
205,354
205,363
205,370
205,386
205,389
205,391
205,394
205,396
205,397
205,403
205,404
205,405
205,419
205,421
205,432
205,445
205,467
205,476
205,479
205,481
205,483
205,492
205,496
205,508
205,518
205,520
205,522
205,565
205,566
205,571
206,372
206,395
206,422
206,423
206,478
206,479
206,514
207,303
207,306
207,347
207,359
207,370
207,373
207,375
207,390
207,392
207,393
207,396
207,400
207,404
207,406
207,414
207,416
207,417
207,418
207,421
207,423
207,430
207,446
207,467
207,471
207,472
207,474
207,479
207,481
207,491
207,508
207,518
207,530
207,541
207,542
207,547
207,548
207,550
207,551
207,552
207,559
207,566
207,571
207,573
207,574
208,359
208,367
208,375
208,420
208,479
208,508
208,537
210,311
210,322
210,390
210,398
210,405
210,414
210,421
210,422
210,479
210,522
211,426
213,306
213,422
213,478
213,520
213,526
214,347
214,373
214,398
214,421
214,430
214,446
214,475
214,481
214,535
214,552
214,574
216,416
216,420
216,423
216,467
217,313
217,364
217,386
217,399
217,404
217,420
217,422
217,437
217,471
217,479
217,552
217,559
217,574
218,389
218,414
218,430
218,467
218,566
219,422
219,471
219,478
219,508
219,549
220,398
220,425
221,276
221,313
221,383
221,385
221,422
221,448
221,455
221,478
221,518
221,541
221,547
221,566
221,570
221,574
222,277
222,313
222,354
222,359
222,385
222,391
222,397
222,406
222,421
222,425
222,447
222,491
223,322
223,357
223,361
223,370
223,373
223,385
223,395
223,396
223,400
223,405
223,420
223,422
223,445
223,449
223,460
223,481
223,488
223,520
223,535
223,540
223,566
225,370
225,381
225,422
225,460
225,519
225,520
225,533
225,535
226,392
226,399
226,558
227,291
227,298
227,323
227,366
227,371
227,375
227,390
227,392
227,394
227,396
227,397
227,400
227,414
227,416
227,417
227,421
227,422
227,427
227,430
227,445
227,456
227,465
227,467
227,472
227,478
227,479
227,485
227,488
227,504
227,521
227,535
227,551
227,570
227,574
228,297
228,347
228,348
228,357
228,358
228,360
228,367
228,370
228,372
228,382
228,392
228,396
228,403
228,404
228,416
228,417
228,422
228,423
228,428
228,433
228,439
228,463
228,470
228,471
228,497
228,507
228,514
228,521
228,535
228,547
228,569
228,571
229,288
229,364
229,405
230,231
230,286
230,298
230,311
230,313
230,323
230,326
230,327
230,329
230,338
230,357
230,361
230,364
230,372
230,373
230,375
230,386
230,389
230,395
230,396
230,397
230,398
230,403
230,405
230,409
230,410
230,418
230,421
230,423
230,425
230,427
230,441
230,444
230,460
230,463
230,464
230,467
230,473
230,474
230,478
230,481
230,483
230,488
230,496
230,499
230,500
230,502
230,507
230,508
230,514
230,518
230,520
230,532
230,535
230,541
230,548
230,552
230,566
230,571
230,574
231,276
231,291
231,310
231,327
231,347
231,348
231,349
231,353
231,356
231,358
231,362
231,363
231,365
231,369
231,373
231,375
231,381
231,385
231,391
231,392
231,395
231,396
231,397
231,398
231,400
231,403
231,405
231,406
231,416
231,418
231,419
231,420
231,421
231,422
231,425
231,428
231,430
231,433
231,439
231,442
231,447
231,472
231,474
231,478
231,479
231,496
231,503
231,508
231,514
231,519
231,536
231,541
231,548
231,549
231,551
231,552
231,555
231,560
231,563
231,566
231,570
231,571
231,573
231,574
234,322
234,472
234,508
235,263
235,286
235,298
235,303
235,308
235,322
235,326
235,327
235,329
235,339
235,343
235,348
235,360
235,364
235,384
235,389
235,390
235,391
235,392
235,394
235,398
235,400
235,401
235,403
235,404
235,405
235,414
235,416
235,417
235,418
235,419
235,420
235,421
235,422
235,423
235,428
235,435
235,446
235,452
235,465
235,470
235,474
235,476
235,479
235,488
235,491
235,493
235,496
235,500
235,503
235,504
235,507
235,518
235,519
235,522
235,533
235,535
235,538
235,547
235,548
235,552
235,555
235,574
237,306
237,313
237,348
237,356
237,357
237,359
237,368
237,370
237,372
237,391
237,397
237,400
237,403
237,404
237,416
237,417
237,419
237,422
237,425
237,433
237,455
237,457
237,463
237,465
237,467
237,473
237,475
237,476
237,479
237,485
237,488
237,492
237,497
237,519
237,520
237,533
237,535
237,536
237,546
237,547
237,548
237,552
237,560
237,566
237,569
237,570
237,573
237,574
238,354
238,396
238,405
238,413
238,478
238,532
238,545
239,357
239,391
239,393
239,399
239,420
239,421
239,422
239,427
239,433
239,472
239,479
239,535
239,546
239,574
240,313
240,390
240,398
240,400
240,435
240,570
241,322
241,326
241,355
241,357
241,389
241,392
241,396
241,397
241,398
241,405
241,414
241,432
241,434
241,462
241,471
241,476
241,478
241,479
241,491
241,520
241,522
241,573
241,574
243,298
243,391
243,393
243,396
243,400
243,417
243,420
243,467
243,478
243,488
243,511
243,574
244,398
246,267
246,274
246,278
246,307
246,357
246,362
246,390
246,393
246,395
246,396
246,399
246,411
246,417
246,418
246,420
246,421
246,422
246,465
246,473
246,474
246,478
246,479
246,481
246,505
246,508
246,519
246,549
246,555
247,347
247,348
247,352
247,357
247,358
247,359
247,367
247,372
247,395
247,398
247,399
247,400
247,419
247,420
247,437
247,439
247,446
247,467
247,471
247,473
247,474
247,479
247,491
247,503
247,505
247,533
247,535
247,552
247,570
247,574
248,323
248,359
248,390
248,396
248,414
248,419
248,432
249,288
249,302
249,310
249,340
249,354
249,355
249,370
249,372
249,373
249,381
249,382
249,386
249,390
249,392
249,395
249,398
249,399
249,400
249,403
249,404
249,416
249,423
249,427
249,432
249,433
249,446
249,453
249,476
249,478
249,479
249,488
249,491
249,494
249,503
249,508
249,519
249,520
249,551
249,555
249,559
249,566
249,570
249,574
250,297
250,310
250,313
250,323
250,331
250,334
250,340
250,341
250,356
250,372
250,390
250,391
250,398
250,399
250,400
250,403
250,404
250,405
250,416
250,417
250,420
250,427
250,447
250,472
250,473
250,476
250,478
250,479
250,507
250,519
250,522
250,533
250,535
250,552
250,566
250,570
250,571
251,277
251,404
251,416
251,419
251,474
251,536
252,297
252,298
252,308
252,313
252,334
252,344
252,347
252,353
252,356
252,357
252,359
252,360
252,361
252,366
252,367
252,370
252,372
252,375
252,382
252,384
252,386
252,389
252,391
252,392
252,393
252,396
252,397
252,399
252,403
252,405
252,414
252,423
252,427
252,428
252,430
252,433
252,437
252,438
252,450
252,462
252,463
252,466
252,468
252,472
252,474
252,476
252,479
252,491
252,492
252,493
252,496
252,503
252,508
252,510
252,521
252,532
252,535
252,540
252,566
252,570
253,570
254,329
254,390
254,391
254,396
254,405
254,414
254,467
254,479
254,551
254,569
255,302
255,358
255,363
255,365
255,370
255,372
255,390
255,396
255,416
255,433
255,439
255,471
255,474
255,476
255,478
255,491
255,492
255,499
255,502
255,518
255,520
255,541
255,547
255,552
256,467
256,476
257,404
257,406
257,418
257,519
257,552
258,446
259,432
259,571
261,306
261,322
261,360
261,375
261,381
261,389
261,390
261,397
261,399
261,400
261,403
261,404
261,406
261,410
261,420
261,421
261,428
261,444
261,448
261,474
261,476
261,478
261,480
261,488
261,491
261,533
261,539
261,541
261,547
261,570
262,313
262,322
262,345
262,356
262,370
262,375
262,382
262,393
262,396
262,403
262,404
262,415
262,417
262,418
262,420
262,427
262,433
262,439
262,467
262,496
262,519
262,521
262,536
262,547
262,574
263,395
263,403
263,422
263,423
263,434
263,476
263,479
263,500
263,503
263,508
263,520
263,552
264,321
265,403
265,406
265,417
265,549
266,272
266,423
266,491
267,283
267,291
267,357
267,362
267,370
267,390
267,391
267,392
267,396
267,404
267,416
267,417
267,420
267,422
267,433
267,472
267,476
267,535
267,541
268,361
268,391
268,404
268,519
268,541
269,298
269,393
269,398
269,422
269,548
270,359
270,370
270,392
270,397
270,405
270,433
270,519
270,551
271,365
271,375
271,416
271,423
271,427
271,433
271,466
271,491
271,521
271,522
272,283
272,313
272,347
272,348
272,354
272,358
272,370
272,371
272,372
272,381
272,389
272,391
272,397
272,399
272,404
272,405
272,414
272,416
272,418
272,420
272,450
272,472
272,474
272,478
272,479
272,488
272,491
272,507
272,508
272,520
272,530
272,535
272,541
272,547
272,548
272,551
272,563
272,570
272,574
273,308
273,311
273,323
273,389
273,394
273,399
273,405
273,467
273,520
273,546
273,553
273,566
273,570
274,386
274,393
274,414
274,439
274,462
274,472
274,474
274,479
274,491
274,519
274,541
274,570
275,281
275,298
275,341
275,391
275,393
275,418
275,420
275,427
275,442
275,479
275,508
275,509
275,535
275,541
275,574
276,289
276,302
276,306
276,327
276,337
276,341
276,347
276,355
276,358
276,359
276,364
276,370
276,375
276,389
276,390
276,391
276,393
276,396
276,397
276,403
276,404
276,405
276,411
276,414
276,416
276,417
276,418
276,419
276,423
276,425
276,428
276,432
276,436
276,442
276,446
276,462
276,465
276,466
276,467
276,474
276,476
276,479
276,493
276,514
276,518
276,521
276,527
276,532
276,533
276,535
276,538
276,540
276,541
276,549
276,551
276,561
276,566
276,570
277,303
277,358
277,360
277,381
277,389
277,390
277,392
277,393
277,396
277,403
277,404
277,409
277,411
277,432
277,467
277,472
277,491
277,500
277,521
277,547
277,566
277,570
278,414
278,446
278,455
278,467
278,473
278,476
278,478
278,533
278,565
279,375
279,392
279,414
279,417
279,422
279,479
279,519
279,535
280,313
280,357
280,358
280,359
280,397
280,399
280,403
280,406
280,418
280,467
280,476
280,508
280,518
280,545
280,547
280,549
280,566
280,569
281,356
281,375
281,392
281,398
281,404
281,414
281,416
281,471
281,476
281,479
281,491
281,503
281,518
281,535
281,566
282,308
282,359
282,360
282,381
282,384
282,386
282,416
282,419
282,422
282,423
282,479
282,488
282,518
282,541
283,297
283,298
283,304
283,313
283,320
283,331
283,340
283,347
283,367
283,370
283,374
283,375
283,381
283,382
283,395
283,396
283,403
283,404
283,405
283,414
283,416
283,417
283,419
283,421
283,422
283,423
283,428
283,433
283,445
283,464
283,467
283,471
283,472
283,473
283,474
283,478
283,479
283,481
283,492
283,507
283,518
283,519
283,535
283,537
283,540
283,547
283,571
283,573
284,285
284,357
284,363
284,375
284,399
284,421
284,423
284,491
284,508
285,384
285,391
285,416
285,421
285,422
285,508
285,560
286,300
286,356
286,358
286,374
286,392
286,396
286,408
286,417
286,433
286,472
286,488
286,490
286,492
286,502
286,522
286,535
286,566
286,571
287,464
288,307
288,357
288,360
288,361
288,371
288,386
288,389
288,392
288,404
288,406
288,423
288,424
288,475
288,481
288,537
288,552
288,566
288,571
288,572
288,573
288,574
289,508
289,566
290,399
291,322
291,334
291,361
291,366
291,386
291,396
291,401
291,404
291,414
291,418
291,424
291,433
291,471
291,474
291,486
291,514
291,520
291,566
291,574
292,307
292,368
292,405
292,416
292,423
292,430
292,442
292,463
292,467
292,519
297,302
297,306
297,313
297,360
297,375
297,381
297,389
297,390
297,391
297,403
297,416
297,417
297,418
297,426
297,430
297,466
297,467
297,474
297,476
297,479
297,482
297,491
297,507
297,508
297,510
297,514
297,519
297,527
297,530
297,539
297,542
297,548
297,549
297,560
297,566
297,567
297,574
298,310
298,322
298,329
298,330
298,334
298,355
298,360
298,367
298,373
298,386
298,389
298,392
298,396
298,398
298,399
298,400
298,403
298,404
298,405
298,406
298,416
298,419
298,425
298,427
298,430
298,433
298,471
298,474
298,478
298,481
298,491
298,518
298,535
298,537
298,553
298,565
298,573
298,574
299,307
299,313
299,323
299,385
299,392
299,393
299,394
299,395
299,399
299,423
299,437
299,439
299,472
299,479
299,488
299,508
299,551
299,571
300,414
300,519
300,559
302,313
302,323
302,357
302,363
302,375
302,392
302,396
302,404
302,417
302,420
302,421
302,422
302,433
302,446
302,465
302,467
302,478
302,488
302,491
302,492
302,508
302,514
302,520
302,521
302,547
302,555
302,564
302,565
303,308
303,313
303,322
303,327
303,329
303,351
303,357
303,382
303,390
303,391
303,392
303,393
303,396
303,398
303,403
303,405
303,416
303,417
303,418
303,421
303,422
303,423
303,428
303,430
303,455
303,465
303,467
303,475
303,476
303,478
303,483
303,491
303,497
303,507
303,508
303,521
303,532
303,533
303,535
303,536
303,537
303,541
303,547
303,548
303,564
303,566
303,570
304,326
304,339
304,395
304,398
304,405
304,408
304,414
304,418
304,420
304,422
304,476
304,479
304,488
304,492
304,537
305,392
305,418
305,462
305,519
305,574
306,310
306,313
306,319
306,332
306,341
306,347
306,348
306,353
306,356
306,360
306,361
306,362
306,363
306,375
306,391
306,392
306,395
306,397
306,399
306,400
306,403
306,404
306,405
306,408
306,414
306,416
306,418
306,420
306,422
306,430
306,434
306,439
306,467
306,470
306,473
306,476
306,500
306,508
306,509
306,518
306,519
306,520
306,521
306,533
306,535
306,545
306,547
306,549
306,552
306,553
306,556
306,560
306,568
306,571
306,574
307,322
307,343
307,367
307,392
307,396
307,397
307,400
307,410
307,414
307,418
307,421
307,430
307,468
307,471
307,479
307,491
307,508
308,357
308,360
308,370
308,385
308,386
308,392
308,395
308,399
308,417
308,421
308,472
308,508
308,518
308,519
308,552
308,563
308,566
308,570
308,574
310,322
310,331
310,348
310,351
310,360
310,364
310,366
310,384
310,386
310,392
310,393
310,398
310,404
310,405
310,406
310,418
310,421
310,427
310,428
310,432
310,447
310,463
310,465
310,467
310,473
310,474
310,475
310,476
310,481
310,500
310,507
310,508
310,518
310,519
310,521
310,535
310,537
310,541
310,548
310,550
310,560
310,569
310,570
311,327
311,358
311,391
311,405
311,422
311,467
311,474
311,476
311,479
311,496
311,508
311,540
311,541
311,571
311,574
312,414
313,329
313,336
313,343
313,347
313,348
313,349
313,356
313,359
313,360
313,366
313,367
313,372
313,375
313,381
313,385
313,389
313,391
313,394
313,395
313,396
313,397
313,403
313,405
313,414
313,416
313,418
313,419
313,421
313,422
313,423
313,433
313,443
313,446
313,454
313,463
313,465
313,467
313,472
313,473
313,474
313,478
313,483
313,488
313,496
313,499
313,500
313,508
313,514
313,522
313,535
313,537
313,538
313,541
313,549
313,552
313,553
313,555
313,569
315,478
315,479
315,518
319,414
320,460
320,472
320,481
321,372
321,446
321,465
322,326
322,331
322,337
322,345
322,359
322,361
322,366
322,367
322,372
322,391
322,396
322,397
322,400
322,402
322,404
322,405
322,414
322,417
322,418
322,420
322,422
322,423
322,426
322,430
322,442
322,448
322,466
322,471
322,476
322,478
322,479
322,488
322,491
322,492
322,497
322,500
322,508
322,519
322,528
322,535
322,540
322,547
322,560
322,569
322,570
322,574
323,347
323,357
323,391
323,405
323,420
323,446
323,470
323,475
323,476
323,492
323,518
324,474
325,366
326,359
326,361
326,366
326,386
326,395
326,403
326,416
326,467
326,472
326,507
326,514
326,574
327,353
327,358
327,359
327,362
327,381
327,386
327,390
327,391
327,417
327,419
327,420
327,427
327,472
327,473
327,474
327,478
327,496
327,570
327,571
329,392
329,395
329,396
329,422
329,428
329,474
329,476
329,478
329,479
329,488
329,492
329,508
329,574
330,397
330,399
330,422
330,514
330,547
331,365
331,372
331,398
331,404
331,419
331,423
331,426
331,451
331,474
331,508
331,535
331,547
331,548
331,571
332,403
332,491
333,391
333,467
333,520
333,547
334,345
334,364
334,375
334,416
334,463
334,467
334,471
334,478
334,479
335,403
336,552
337,348
337,389
337,393
337,508
338,552
339,357
339,391
339,396
339,472
339,479
339,566
340,373
340,375
340,391
340,395
340,404
340,418
340,433
340,467
340,530
340,566
341,397
341,402
341,404
341,423
341,427
341,428
341,447
341,519
341,566
343,392
343,535
344,347
344,364
344,373
344,400
344,417
344,418
344,472
344,533
345,405
345,417
347,372
347,381
347,384
347,386
347,392
347,395
347,403
347,421
347,422
347,427
347,439
347,472
347,474
347,476
347,496
347,497
347,519
347,547
347,549
347,550
347,566
347,569
348,354
348,357
348,364
348,370
348,393
348,404
348,514
348,535
348,540
348,548
348,566
348,574
349,535
350,392
352,371
352,395
352,398
352,404
352,570
353,367
353,375
353,395
353,406
353,414
353,420
353,430
353,433
353,472
353,476
353,479
353,520
353,553
353,562
353,574
354,416
354,446
354,507
354,510
354,519
354,521
354,540
354,574
355,382
355,390
355,419
355,508
355,535
356,375
356,395
356,405
356,426
356,474
356,511
356,515
356,520
356,533
356,547
356,566
356,570
357,364
357,395
357,420
357,421
357,430
357,439
357,465
357,474
357,478
357,508
357,514
357,519
357,535
357,537
357,561
358,372
358,395
358,396
358,399
358,571
359,361
359,372
359,404
359,417
359,422
359,467
359,492
360,393
360,395
360,396
360,398
360,414
360,416
360,467
360,472
360,476
360,479
360,481
360,508
360,518
360,547
360,566
360,570
361,382
361,390
361,430
361,467
361,472
361,479
361,541
362,363
362,385
362,392
362,403
362,404
362,430
362,472
362,491
362,514
362,553
362,571
363,392
363,399
363,420
363,479
363,491
364,371
364,386
364,392
364,397
364,403
364,417
364,479
364,493
364,521
364,541
365,472
365,474
366,391
366,398
366,400
366,479
366,508
367,403
367,416
367,474
367,476
367,570
368,437
368,519
368,566
369,393
369,520
370,372
370,395
370,400
370,417
370,419
370,423
370,446
371,372
371,390
371,450
371,471
371,479
371,500
371,546
372,396
372,433
372,447
372,479
372,574
373,385
373,402
373,416
373,539
373,574
374,386
374,399
374,404
374,414
374,474
375,384
375,418
375,420
375,425
375,428
375,478
375,490
375,508
375,566
375,570
375,574
381,397
381,403
381,473
382,547
384,518
385,417
385,418
386,391
386,405
386,414
386,416
386,420
386,423
386,488
386,519
386,540
386,566
386,574
388,393
388,519
389,416
389,542
390,403
390,421
390,422
390,533
390,560
391,395
391,396
391,416
391,417
391,430
391,493
391,521
391,533
392,396
392,420
392,422
392,491
392,507
392,508
392,519
392,535
392,540
392,541
392,570
392,573
393,395
393,398
393,417
393,465
393,503
393,547
393,574
394,417
394,418
394,421
395,400
395,403
395,467
395,476
395,481
395,492
395,521
395,535
396,399
396,401
396,421
396,433
396,445
396,535
397,406
397,418
397,466
397,533
398,478
398,519
400,433
400,467
401,479
403,404
403,472
403,539
405,423
405,518
405,547
416,567
418,520
423,424
430,479
472,520
474,527
